{"复合材料": 28, "太阳能": 24, "碳纤维": 21, "生产工艺": 19, "聚氨酯": 17, "mpa": 16, "新能源": 16, "铝合金": 9, "产业化": 9, "热塑性": 8, "保温材料": 7, "阻燃性": 7, "ppm": 7, "阻燃剂": 7, "自动化": 7, "污水处理": 7, "新型材料": 7, "处理工艺": 6, "伸长率": 6, "轻量化": 6, "热水器": 6, "环氧树脂": 6, "perc": 5, "高效率": 5, "分散性": 5, "耐酸碱": 5, "抗静电": 5, "纳米材料": 5, "led": 5, "添加剂": 5, "cm3": 5, "氯化钠": 5, "处理量": 5, "pet": 5, "电动汽车": 5, "不锈钢": 5, "开发技术": 5, "无溶剂": 4, "耐磨性": 4, "粘结力": 4, "国家标准": 4, "玻璃钢": 4, "电阻率": 4, "pvc": 4, "防腐漆": 4, "抗拉强度": 4, "发泡剂": 4, "弹性体": 4, "粘合剂": 4, "高分子": 4, "非晶硅": 4, "大功率": 4, "废水处理": 4, "电池板": 4, "太阳电池": 4, "防腐材料": 4, "发动机": 4, "金属材料": 4, "活性剂": 4, "锂离子": 4, "零排放": 4, "锂电池": 3, "耐热性": 3, "挥发份": 3, "膨胀系数": 3, "voc": 3, "vocs": 3, "工艺技术": 3, "催化剂": 3, "重金属": 3, "酚醛树脂": 3, "无害化": 3, "可溶性": 3, "分子量": 3, "长时间": 3, "安全隐患": 3, "钢结构": 3, "排放量": 3, "特殊要求": 3, "泡沫塑料": 3, "生产厂家": 3, "竞争力": 3, "舒适性": 3, "大大减少": 3, "芯材易粉": 3, "有机物": 3, "可纺性": 3, "测试方法": 3, "橡胶制品": 3, "综合性": 3, "变速箱": 3, "低损耗": 3, "合金材料": 3, "蓄电池": 3, "动力电池": 3, "热处理": 3, "新工艺": 3, "工程塑料": 3, "技术开发": 3, "废弃物": 3, "控制器": 3, "氧化物": 3, "试验机": 3, "换热器": 3, "混凝土": 2, "长期保持": 2, "导热性": 2, "客户端": 2, "晶体生长": 2, "图像处理": 2, "性能参数": 2, "收缩率": 2, "溶剂型": 2, "线切割": 2, "ph值": 2, "技术水平": 2, "浇注料": 2, "分子筛": 2, "贵金属": 2, "imo": 2, "annex": 2, "gjb11": 2, "gb1763": 2, "技术改造": 2, "ftpc": 2, "part": 2, "ipn": 2, "白炭黑": 2, "d50": 2, "云母粉": 2, "化妆品": 2, "有限元": 2, "结构设计": 2, "防腐涂料": 2, "t941": 2, "无主栅": 2, "astm": 2, "粘结性": 2, "防腐蚀": 2, "针织品": 2, "天然纤维": 2, "阴离子": 2, "施工工艺": 2, "hvac": 2, "控制系统": 2, "gmp": 2, "行业标准": 2, "水蒸气": 2, "塑料制品": 2, "加工过程": 2, "pa66": 2, "管理体系": 2, "凝固性": 2, "密封胶": 2, "航空航天": 2, "陶瓷粉体制品工艺": 2, "二氧化硅": 2, "绝热材料": 2, "耐久性": 2, "电池组": 2, "电加热": 2, "隔热板": 2, "高低温": 2, "puv": 2, "发生器": 2, "等离子": 2, "循环水": 2, "体育器材": 2, "解决目前": 2, "土工布": 2, "冷水机": 2, "螺杆式": 2, "电性能": 2, "分散剂": 2, "稳定剂": 2, "mah": 2, "远距离": 2, "建筑节能": 2, "多元醇": 2, "氯氟烃": 2, "hcfc": 2, "绝缘漆": 2, "无气味": 2, "物理性能": 2, "转向器": 2, "抗冲击": 2, "稀释剂": 2, "cod": 2, "均匀度": 2, "呋喃树脂": 2, "工程化": 2, "固化剂": 2, "水压试验": 2, "差异性": 2, "汽车配件": 2, "天然橡胶": 2, "分纤用": 2, "卫生巾": 2, "抗菌面料": 2, "降低成本": 2, "冷热水": 2, "常见问题": 2, "上下水": 2, "给水箱": 2, "解决办法": 2, "分布式": 2, "阻隔性": 2, "摄氏度": 2, "寻求海藻营养保水": 2, "氯离子": 2, "腌制品": 2, "污染环境": 2, "合作方": 2, "切割机": 2, "pcv": 2, "磁导率": 2, "khz": 2, "tmy70k": 2, "转向架": 2, "动力系统": 2, "研究所": 2, "perl": 2, "发射极": 2, "al2o3": 2, "fraunhofer": 2, "benick": 2, "sicx": 2, "cm2": 2, "sin": 2, "实验室": 2, "能源管理": 2, "复合膜": 2, "电子产品": 2, "促进剂": 2, "公共场所": 2, "人口密度": 2, "za2": 2, "氯化钙": 2, "硫酸钙": 2, "纤维材料": 2, "表面积": 2, "迫切需要": 2, "mbs": 2, "耐候性": 2, "pbs": 2, "绝缘子": 2, "镁合金": 2, "汽车行业": 2, "广泛应用": 2, "dsc": 2, "应用环境": 2, "ly564": 2, "工作温度": 2, "生物膜": 2, "呈现出": 2, "工程师": 2, "机械设计": 2, "打印机": 2, "peek": 2, "服装面料": 2, "聚丙烯": 2, "光触媒": 2, "co2": 2, "xps": 2, "r134a": 2, "生物质": 2, "规模化": 2, "综合治理": 2, "大气污染": 2, "lng": 2, "集成电路": 2, "热传导": 2, "产品开发": 2, "技术手段": 2, "erp": 2, "管理系统": 2, "聚酯纤维": 2, "不锈钢管": 2, "发电机": 2, "逆变器": 2, "一定量": 2, "压敏胶": 2, "丙烯酸": 2, "抗菌材料": 2, "冷风机": 2, "加热管": 2, "变压器": 2, "控制算法": 2, "变频器": 2, "进样头": 2, "整理剂": 2, "预处理": 2, "硫酸铵": 2, "氯化铵": 2, "硫酸钠": 2, "电子束": 2, "耐腐蚀": 2, "密封圈": 2, "密封材料": 2, "非金属材料": 2, "氧化锆": 2, "硬质合金": 2, "处理过程": 2, "拉丝模": 2, "乳胶漆": 2, "木器漆": 2, "排气管": 2, "碳化硅": 2, "矿物油": 2, "消泡剂": 2, "控制技术": 2, "纳米银": 2}