{"深加工": 15, "栽培技术": 8, "产业化": 7, "病虫害": 7, "智能化": 6, "自动化": 6, "新品种": 6, "生产工艺": 5, "食用菌": 5, "加工过程": 4, "微生物": 4, "控制技术": 4, "产品开发": 4, "中草药": 4, "无公害": 4, "猕猴桃": 4, "翠冠梨": 4, "生物防治": 3, "大面积": 3, "工艺技术": 3, "调节剂": 3, "添加剂": 3, "副产品": 3, "土壤改良": 3, "农作物": 3, "合作社": 3, "竹制品": 2, "有害生物": 2, "胚芽米": 2, "婴幼儿": 2, "产业链": 2, "互联网": 2, "调味品": 2, "地瓜干": 2, "营养成分": 2, "培育出": 2, "制作方法": 2, "防腐剂": 2, "实验室": 2, "辣椒酱": 2, "发酵酒": 2, "体细胞": 2, "胡萝卜": 2, "符合国家": 2, "配电网": 2, "分布式": 2, "生态型": 2, "批量生产": 2, "优质生态种养技术": 2, "机械化": 2, "迫切需要": 2, "颗粒饲料": 2, "调味剂": 2, "保鲜剂": 2, "人工成本": 2, "农产品": 2, "提纯复壮": 2, "水葫芦": 2, "仔猪饲料研发生产": 2, "远红外": 2, "产品研发": 2, "营养项目技术": 2, "滑子菇": 2, "杏鲍菇": 2, "杀虫剂": 2, "化学品": 2, "农机具": 2, "西红柿": 2, "经营范围": 2, "生产厂家": 2, "质量标准": 2, "黄玫瑰": 2, "维生素": 2, "生态农业": 2, "绿色食品": 2, "血红素": 2, "粉碎机": 2, "保健品": 2, "市场前景": 2, "专利技术": 2, "核心技术": 2, "现代化": 2, "有机肥": 2, "电线电缆": 2, "现代农业": 2, "压铸机": 2, "反季节": 2, "彩叶观花": 2, "cmp": 2, "胞苷酸": 2, "低噪音": 2, "伞齿轮": 2, "烟化炉": 2, "gps": 2, "建材行业": 2}