{"中间体": 7, "原料药": 7, "化合物": 5, "微生物": 4, "冬凌草": 4, "转化率": 4, "培养基": 4, "注射液": 4, "分析仪": 4, "开发技术": 3, "dna": 3, "生产工艺": 3, "葡萄糖": 3, "蛋白质": 3, "总皂苷": 2, "保健食品": 2, "有效成分": 2, "工业化": 2, "金银花": 2, "红曲米": 2, "monacolin": 2, "方法学": 2, "抗生素": 2, "糖尿病": 2, "cod": 2, "有效期": 2, "标记分子": 2, "相关性": 2, "高分子": 2, "可降解": 2, "农民工": 2, "单纯性": 2, "催化氢化": 2, "助滤剂": 2, "聚氨酯": 2, "新工艺": 2, "黄体酮": 2, "权威部门": 2, "地尔硫": 2, "润喉片": 2, "工业生产": 2, "环丙沙星": 2, "祖传秘方": 2, "实时性": 2, "音视频": 2, "全自动": 2, "cp2000": 2, "溶出度": 2, "猪饲料": 2, "发明专利": 2, "核酸酶": 2, "生物制剂": 2}