{"自动化": 59, "高新技术": 18, "机器人": 15, "智能化": 14, "产业化": 11, "控制技术": 10, "led": 8, "流水线": 8, "传感器": 8, "生产工艺": 7, "机械手": 7, "新能源": 7, "电子科技": 6, "全自动": 6, "工艺技术": 6, "医疗器械": 6, "产品开发": 6, "技术开发": 6, "控制系统": 6, "轨道交通": 5, "深加工": 5, "铝合金": 5, "高分子": 5, "密封件": 5, "压缩机": 5, "wlcsp": 5, "中间体": 5, "人才需求": 4, "微电机": 4, "新工艺": 4, "变压器": 4, "技术水平": 4, "复合材料": 4, "工业园": 4, "实用新型": 4, "机械加工": 4, "机械设计": 4, "核心技术": 4, "科技型": 4, "cob": 4, "cis": 4, "cmosimagesensor": 4, "升级换代": 4, "控制器": 4, "不锈钢": 4, "仪器仪表": 3, "玻璃纤维": 3, "开发新": 3, "地理位置": 3, "压铸件": 3, "碳纤维": 3, "产品设计": 3, "试生产": 3, "需求量": 3, "移动机器人": 3, "市场占有率": 3, "更新换代": 3, "cad": 3, "机械配件": 3, "高科技": 3, "系统集成": 3, "安徽省": 3, "制造业": 3, "合作伙伴": 3, "互联网": 3, "轻量化": 3, "合作方": 3, "应用领域": 3, "催化剂": 3, "热水器": 3, "空调主机": 3, "晶圆级": 3, "sensor": 3, "tsv": 3, "波纹管": 3, "环保型": 3, "立体车库": 3, "混凝土": 3, "石油化工": 3, "技术改造": 3, "数字化": 3, "agv": 3, "流动资金": 3, "开发技术": 3, "牵涉到": 3, "买回去": 3, "组合成": 3, "金属丝": 3, "工业生产": 3, "电路板": 2, "航天航空": 2, "同等条件": 2, "自动控制": 2, "养殖场": 2, "锌合金": 2, "工业区": 2, "占地面积": 2, "模具设计": 2, "坐落于": 2, "助力器": 2, "元器件": 2, "汽车配件": 2, "废水处理": 2, "人工智能": 2, "智能家居": 2, "人工成本": 2, "处理工艺": 2, "bmi": 2, "真空泵": 2, "集装袋": 2, "效率高": 2, "矿产品": 2, "特高压": 2, "现阶段": 2, "智能性": 2, "热塑性": 2, "可回收": 2, "半自动": 2, "相容性": 2, "预处理": 2, "科技人才": 2, "电磁阀": 2, "汽车厂家": 2, "主营业务": 2, "ts16949": 2, "专利证书": 2, "行业标准": 2, "高速运转": 2, "中包胶": 2, "手工艺": 2, "信息化": 2, "压电式": 2, "分辨率": 2, "制造执行系统": 2, "mes": 2, "高新科技": 2, "挤压加工": 2, "系统化": 2, "热处理": 2, "创新能力": 2, "钛合金": 2, "紧固件": 2, "航空航天": 2, "清洗机": 2, "汽车部件": 2, "与时俱进": 2, "社会效益": 2, "软件开发": 2, "单片机": 2, "乘用车": 2, "东风公司": 2, "科技股份": 2, "保证体系": 2, "专业化": 2, "工程师": 2, "售后服务": 2, "旋耕机": 2, "数控车床": 2, "工程机械": 2, "运输车": 2, "专用车": 2, "数控系统": 2, "主机厂": 2, "印刷电路": 2, "电子标签": 2, "cbn": 2, "不锈钢板": 2, "远红外线": 2, "负离子": 2, "农业机械": 2, "农业装备": 2, "粉碎机": 2, "电器设备": 2, "实际应用": 2, "rdl": 2, "sip": 2, "trench": 2, "氨基树脂": 2, "平细性": 2, "耐光性": 2, "集成水槽": 2, "研发智能": 2, "智能技术": 2, "集成灶": 2, "预应力": 2, "相对运动": 2, "摩擦系数": 2, "氧化物": 2, "配套技术": 2, "漆包线": 2, "hid": 2, "胶原蛋白": 2, "解决目前": 2, "燃气轮机": 2, "灵敏度": 2, "螺纹接头设计": 2, "再生资源": 2, "脱硫脱硝": 2, "船用阀门相关加工技术": 2, "高效率": 2, "电焊机": 2, "转换成": 2, "太阳能": 2, "制造商": 2, "年产量": 2, "过滤器": 2, "印刷机": 2, "pvc": 2, "布耐光": 2, "变电站": 2, "耐磨钢": 2, "中南大学": 2, "加速度": 2, "年轻化": 2, "变速箱": 2, "减速机": 2, "塑编袋": 2, "设计": 2, "研发": 2, "转向器": 2, "销售额": 2, "漏水": 2, "水泥": 2, "技术": 2, "源热泵": 2, "广泛应用": 2, "合金丝": 2, "消防泵": 2, "消防器材": 2, "焊接设备": 2, "转换器": 2, "有意者": 2, "周边地区": 2, "相关技术合作": 2, "技术升级": 2, "原料药": 2, "编码器": 2, "pet": 2, "功率密度": 2, "充电机": 2, "电动汽车": 2, "参数值": 2, "名称栏": 2, "铸铁件": 2, "柔性化": 2, "信息技术": 2, "阻燃剂": 2, "rfid": 2, "木本植物": 2, "大气污染": 2, "资源化": 2, "循环式": 2, "pcx": 2, "智能型": 2, "分析仪器": 2, "无人机": 2, "联合开发": 2, "无线通信": 2, "水晶头": 2, "数控机床": 2, "专利技术": 2, "配电网": 2, "电气行业项目": 2, "活性炭": 2, "飞行器": 2, "搬运车": 2, "电力系统": 2, "新型材料": 2}