{"生产工艺": 11, "中间体": 8, "ph值": 6, "精细化工": 5, "工艺技术": 4, "产业化": 4, "m156": 4, "有机肥": 3, "实验室": 3, "深加工": 3, "产业政策": 3, "挥发物": 3, "ppm": 3, "无机盐": 3, "玻璃制品": 2, "护肤品": 2, "产品开发": 2, "h2o": 2, "na2b8o13": 2, "提取物": 2, "白炭黑": 2, "偶联剂": 2, "自动化": 2, "智能化": 2, "化工产品": 2, "高分子": 2, "丁基橡胶": 2, "酶制剂": 2, "工业化": 2, "水溶性": 2, "光学玻璃": 2, "节能降耗": 2, "偏苯三": 2, "活性炭": 2, "保温杯": 2, "不锈钢": 2, "手持式": 2, "胡萝卜素": 2, "微生物": 2, "间苯二胺": 2, "谷氨酸": 2, "回收率": 2, "氢氧化锂": 2, "技术设备": 2, "甜菜碱": 2, "二氧化锆": 2, "丙烯酸": 2, "压敏胶": 2, "固色剂": 2, "tep": 2, "环境保护": 2, "环氧树脂": 2, "石油化工": 2}