{"太阳能": 41, "复合材料": 28, "产业化": 25, "聚氨酯": 21, "生产工艺": 20, "不锈钢": 17, "铝合金": 14, "工艺技术": 14, "mpa": 13, "环保型": 13, "led": 13, "新能源": 12, "环境温度": 12, "环氧树脂": 11, "保温材料": 11, "废水处理": 10, "自动化": 10, "ppm": 10, "锂离子": 10, "催化剂": 10, "聚合物": 9, "技术开发": 9, "污水处理": 9, "新工艺": 9, "金属材料": 9, "高分子": 9, "碳纤维": 9, "产品开发": 9, "降低成本": 8, "广泛应用": 8, "聚酯树脂": 8, "资源化": 8, "管理系统": 8, "有机硅": 7, "耐候性": 7, "聚丙烯": 7, "电化学": 7, "pet": 7, "发动机": 7, "保温层": 7, "voc": 7, "聚四氟乙烯": 7, "热水器": 7, "环境污染": 6, "新型材料": 6, "力学性能": 6, "耐磨性": 6, "khz": 6, "电阻率": 6, "高新技术": 6, "耐腐蚀": 6, "控制技术": 6, "电动汽车": 6, "重金属": 6, "偏光片": 6, "系统工程": 5, "摩擦系数": 5, "轻量化": 5, "生物降解": 5, "市场前景": 5, "均匀度": 5, "氧化铝": 5, "处理厂": 5, "热固性": 5, "abs": 5, "流水线": 5, "伸长率": 5, "白炭黑": 5, "电导率": 5, "轨道交通": 5, "阻燃性": 5, "行业标准": 5, "后处理": 5, "预处理": 5, "丙烯酸酯": 5, "耐腐蚀性": 5, "海洋工程": 5, "针对性": 5, "电动车": 5, "半成品": 5, "燃料电池": 5, "电解液": 5, "开发技术": 5, "腐蚀性": 5, "金属表面": 5, "mm2": 4, "技术引进": 4, "摄氏度": 4, "热处理": 4, "金刚石": 4, "光固化": 4, "产品成本": 4, "选择性": 4, "防腐涂料": 4, "pvc": 4, "批量生产": 4, "硫酸盐": 4, "磁导率": 4, "铁氧体": 4, "产品设计": 4, "介电常数": 4, "小型化": 4, "吸水率": 4, "无污染": 4, "竞争力": 4, "现阶段": 4, "混凝土": 4, "无害化": 4, "密封材料": 4, "动力电池": 4, "纳米级": 4, "减量化": 4, "热塑性": 4, "酚醛树脂": 4, "综合性": 4, "化学品": 4, "镁合金": 4, "红外线": 4, "发泡剂": 4, "微生物": 4, "线切割": 4, "氮化硅": 4, "工业化": 4, "pa6": 4, "二次污染": 4, "技术咨询": 4, "有机溶剂": 4, "抗腐蚀": 4, "vocs": 3, "有机氯": 3, "分布式": 3, "cm3": 3, "国外同类": 3, "控制器": 3, "结构设计": 3, "相结合": 3, "技术创新": 3, "微结构": 3, "工业化生产": 3, "粘结性": 3, "cod": 3, "生物质": 3, "紫外线": 3, "耐热性": 3, "航空航天": 3, "衍生物": 3, "粘结力": 3, "符合国家": 3, "规模化": 3, "电加热": 3, "舒适性": 3, "陶瓷材料": 3, "低损耗": 3, "电缆料": 3, "工程塑料": 3, "隔热材料": 3, "达标排放": 3, "稳定剂": 3, "开发新": 3, "摩擦片": 3, "性价比": 3, "高科技": 3, "钕铁硼": 3, "完整性": 3, "纤维板": 3, "汽车行业": 3, "模具钢": 3, "效率高": 3, "沉淀法": 3, "零排放": 3, "自行车": 3, "知名品牌": 3, "挤出机": 3, "复杂度": 3, "市场化": 3, "核心技术": 3, "互联网": 3, "充放电": 3, "聚甲醛": 3, "结晶性": 3, "除尘器": 3, "回收率": 3, "经济性": 3, "pim": 3, "dbc": 3, "ltcc": 3, "酸蓄电池": 3, "蓄电池": 3, "高功率": 3, "剥离强度": 3, "阻燃剂": 3, "相容性": 3, "蓝宝石": 3, "光学玻璃": 3, "垃圾焚烧": 3, "经济指标": 3, "粉末涂料": 3, "单晶硅": 3, "科研单位": 3, "成品率": 3, "技术改造": 3, "丙烯酸": 3, "柔韧性": 3, "处理剂": 3, "紧固件": 3, "耐磨性能": 3, "工业园区": 3, "溶剂型": 3, "纳米材料": 3, "工业废水": 3, "阳离子": 3, "有害物质": 3, "抗静电": 3, "膨胀系数": 3, "变压器": 3, "逆变器": 3, "锂电池": 3, "显示屏": 3, "刷新率": 3, "奥氏体": 3, "直流电": 3, "发电机": 3, "氯乙烷": 3, "分散染料": 2, "润滑剂": 2, "cm2": 2, "丙烯酰胺": 2, "耐温性": 2, "水溶液": 2, "耐盐性": 2, "解决问题": 2, "全自动": 2, "武汉市": 2, "华中科技大学": 2, "金属片": 2, "工作温度": 2, "贵金属": 2, "多通道": 2, "包装材料": 2, "净化系统": 2, "于海洋": 2, "硫化物": 2, "电流效率": 2, "流变学": 2, "国产化": 2, "玻璃粉": 2, "混合粉": 2, "压缩机": 2, "烧结机": 2, "加工性": 2, "分子筛": 2, "节能降耗": 2, "观赏性": 2, "产品销售": 2, "硅氧烷": 2, "难以达到": 2, "接合面": 2, "sic": 2, "摩擦学": 2, "清洗剂": 2, "污水排放": 2, "技术升级": 2, "不饱和": 2, "引进技术": 2, "铝镁合金": 2, "润滑油": 2, "无溶剂": 2, "旅行箱": 2, "低功耗": 2, "自限温": 2, "热稳定性": 2, "铝型材": 2, "聚酰亚胺": 2, "深加工": 2, "精细化": 2, "apf": 2, "循环水": 2, "有所突破": 2, "显微镜": 2, "硅微粉": 2, "电子产品": 2, "领先水平": 2, "mhz": 2, "芯材易粉": 2, "触摸屏": 2, "抗冲击": 2, "新品种": 2, "集合体": 2, "理论指导": 2, "纺织品": 2, "舒适型": 2, "纤维材料": 2, "动车组": 2, "cpr": 2, "产烟量": 2, "二氧化硫": 2, "合金材料": 2, "化工类": 2, "蒙脱土": 2, "乙二醇": 2, "聚乙烯": 2, "温度控制": 2, "抗氧化剂": 2, "三聚氰胺": 2, "特种橡胶": 2, "集装箱": 2, "可降解": 2, "废旧塑料": 2, "高吸水": 2, "高韧性": 2, "洁净度": 2, "新一代": 2, "外加剂": 2, "价格昂贵": 2, "大气污染": 2, "安徽省": 2, "进口产品": 2, "有效性": 2, "创新能力": 2, "中密度": 2, "无光粉": 2, "异构体": 2, "使用性能": 2, "牛皮纸": 2, "cr12mo1v1": 2, "高等院校": 2, "供电系统": 2, "污染环境": 2, "质量指标": 2, "缠绕管": 2, "可回收": 2, "xpe": 2, "物理性能": 2, "表面质量": 2, "同类产品": 2, "研究院": 2, "商业化": 2, "lftd": 2, "高可靠性": 2, "软件开发": 2, "高效率": 2, "地热能源": 2, "合作伙伴": 2, "蒸发器": 2, "智能化": 2, "耐寒性": 2, "绝缘性": 2, "同行业": 2, "抗弯强度": 2, "硬质合金": 2, "管理体系": 2, "一步法": 2, "纺织机": 2, "双金属": 2, "印刷版": 2, "故障率": 2, "装机容量": 2, "kpo": 2, "可塑性": 2, "机械性": 2, "聚碳酸酯": 2, "聚丙烯腈": 2, "polycarbonate": 2, "处理工艺": 2, "碳化物": 2, "建筑材料": 2, "锌合金": 2, "铜合金": 2, "电磁感应": 2, "分离出来": 2, "改性剂": 2, "环己烷": 2, "出水口": 2, "进水口": 2, "节约资源": 2, "饮料瓶": 2, "寻求丝网印刷": 2, "材料学": 2, "人才参与": 2, "橡皮艇": 2, "冲锋舟": 2, "自然环境": 2, "结构件": 2, "海洋环境": 2, "实验室": 2, "脂肪酸": 2, "多晶硅": 2, "mnzn": 2, "tp4j": 2, "热加工": 2, "耐化学": 2, "乘用车": 2, "发达国家": 2, "汽车尾气": 2, "散热器": 2, "dpf": 2, "doc": 2, "符合中国": 2, "人工成本": 2, "换热器": 2, "重中之重": 2, "研究所": 2, "耐火材料": 2, "接触网": 2, "绝缘子": 2, "碳化硅": 2, "陶瓷制品": 2, "传统工艺": 2, "电缆": 2, "制造": 2, "半导体": 2, "市场占有率": 2, "bopa": 2, "dcm3": 2, "设计阶段": 2, "实践经验": 2, "氯丁喷": 2, "饮用水": 2, "污染物": 2, "花纱率": 2, "矿化度": 2, "生物膜": 2, "空间结构": 2, "打印机": 2, "市面上": 2, "驾驶室": 2, "主机厂": 2, "知名度": 2, "醋酸纤维": 2, "技术含量": 2, "耐磨损": 2, "玻璃纤维": 2, "销售额": 2, "陶瓷封装": 2, "充分利用": 2, "合成革": 2, "副产物": 2, "hcl": 2, "r134a": 2, "电磁线": 2, "绝缘层": 2, "防锈剂": 2, "浓硫酸": 2, "复合膜": 2, "可燃性": 2, "酰亚胺": 2, "耐低温": 2, "吸收率": 2, "满足要求": 2, "体积小": 2, "锌底漆": 2, "活性剂": 2, "ph值": 2, "透光率": 2, "防霉剂": 2, "弹性模量": 2, "能源技术": 2, "维护费用": 2, "缓蚀剂": 2, "功能化": 2, "富勒烯": 2, "工作电压": 2, "处理器": 2, "洁净车间": 2, "元器件": 2, "焊锡膏": 2, "na20": 2, "k20": 2, "v2o5": 2, "acf": 2, "电解槽": 2, "电力公司": 2, "补偿器": 2, "感应器": 2, "机械加工": 2, "根本无法": 2, "复杂多变": 2, "控制系统": 2, "机器人": 2, "变速箱": 2, "荧光粉": 2, "黄绿色": 2, "梳棉机": 2, "大理石": 2, "粉末冶金": 2, "气化炉": 2}