{"原料药": 11, "生产工艺": 10, "中间体": 9, "维生素": 9, "医疗器械": 9, "可溶性": 8, "维酸钾": 8, "产业化": 7, "微生物": 7, "自动化": 7, "技术开发": 7, "滴眼液": 6, "控制技术": 5, "产品开发": 5, "提取物": 4, "副作用": 4, "工业化生产": 4, "保健品": 4, "红曲米": 4, "动力学": 4, "高分子": 4, "试剂盒": 4, "智能化": 4, "可降解": 4, "高纯度": 4, "显影剂": 4, "临床试验": 4, "培养基": 4, "cho": 4, "分枝杆菌": 4, "联合开发": 3, "工业化": 3, "化学合成": 3, "开发技术": 3, "中医药": 3, "国家药监局": 3, "降低成本": 3, "酶制剂": 3, "dna": 3, "葡萄糖": 3, "阿洛酮糖": 3, "回收率": 3, "无残留": 3, "药制剂": 3, "领先水平": 3, "蛋白质": 3, "转化率": 3, "软胶囊": 3, "创新型": 3, "抗氧化": 3, "预混剂": 3, "造影剂": 3, "添加剂": 3, "防腐剂": 3, "抗生素": 3, "api": 3, "标志物": 3, "新工艺": 3, "刺激性": 3, "发明专利": 3, "研究院": 2, "雷公藤": 2, "充分利用": 2, "氧化剂": 2, "研究所": 2, "法莫替丁": 2, "挥发油": 2, "化妆品": 2, "乙醛酸": 2, "国务院": 2, "口服液": 2, "磷酸盐": 2, "符合国家": 2, "批准文号": 2, "黄曲霉": 2, "催化剂": 2, "诊断系统": 2, "微胶囊": 2, "有效成分": 2, "实验室": 2, "氨基酸": 2, "心血管": 2, "硅橡胶": 2, "药物制剂": 2, "环氧乙烷": 2, "pcr": 2, "高科技": 2, "注射液": 2, "头孢西丁": 2, "信息化": 2, "软件系统": 2, "手术器械": 2, "长时间": 2, "生物学": 2, "乳酸菌": 2, "噬菌体": 2, "质量标准": 2, "分散性": 2, "关键点": 2, "均匀度": 2, "低水平": 2, "解决目前": 2, "残留检测方法": 2, "引流术": 2, "败血症": 2, "抗结核": 2, "多态性": 2, "易感性": 2, "螺杆菌": 2, "风送式": 2, "弥雾机": 2, "智能型": 2, "中草药": 2, "食品安全": 2, "下脚料": 2, "叶绿素": 2, "规范化": 2, "中药材": 2, "商业化": 2, "至关重要": 2, "ppg": 2, "国产化": 2, "二元酸": 2, "发酵法": 2, "q10": 2, "脂质体": 2, "b12": 2, "rna": 2, "培南钠": 2, "老年痴呆": 2, "药品监督管理局": 2, "发病率": 2, "微量元素": 2, "保健食品": 2, "喷雾干燥": 2, "内窥镜": 2, "led": 2, "输液器": 2, "pvc": 2, "替代品": 2, "球蛋白": 2, "cdca": 2, "hdca": 2, "去氧胆酸": 2, "丙烯酰胺": 2, "无污染": 2, "谷氨酸": 2, "谷氨酰胺": 2, "注射器": 2, "相容性": 2, "丙二酸": 2, "老年痴呆症": 2, "甲氧普烯": 2, "营养品": 2, "有限责任": 2, "子公司": 2, "草本植物": 2, "科技含量": 2, "市场准入": 2, "耐多药": 2, "双氯芬": 2, "碘帕醇": 2, "专利技术": 2, "食用油": 2, "流浸膏": 2, "规模化": 2, "大豆磷脂": 2, "瓜氨酸": 2, "电子产品": 2, "类产品": 2}