{"生产工艺": 25, "催化剂": 17, "添加剂": 15, "工业化": 11, "工艺技术": 10, "深加工": 9, "中间体": 9, "新工艺": 8, "废水处理": 8, "副产物": 7, "微生物": 7, "自动化": 7, "高新技术": 7, "pvc": 7, "达标排放": 6, "高分子": 6, "产业化": 6, "氯乙烯": 6, "氰尿酸": 6, "产品开发": 6, "处理工艺": 6, "聚四氟乙烯": 6, "化学品": 6, "反应器": 5, "使用量": 5, "防腐剂": 5, "类产品": 5, "芳香族": 5, "复合肥": 5, "发明专利": 5, "hcl": 5, "技术改造": 5, "选择性": 5, "环保型": 5, "资源化": 5, "无害化": 5, "粘合剂": 5, "丙烯酸酯": 5, "实验室": 5, "维生素": 5, "有机肥": 4, "三氧化硫": 4, "转化率": 4, "长时间": 4, "ppm": 4, "控制技术": 4, "化合物": 4, "可溶性": 4, "环己烷": 4, "工程技术": 4, "有机物": 4, "活性剂": 4, "软包装": 4, "控制系统": 4, "染色牢度": 4, "槽罐车": 4, "大气污染": 4, "易挥发": 4, "经济损失": 4, "主营业务": 4, "剥离强度": 4, "股票代码": 4, "科技股份": 4, "线切割": 4, "合作方": 4, "重金属": 4, "乳化剂": 4, "多元醇": 4, "铝合金": 3, "电化学": 3, "锂电池": 3, "润滑油": 3, "罐头食品": 3, "纤维素": 3, "高浓度": 3, "处理过程": 3, "磷酸盐": 3, "腐殖酸": 3, "腐植酸": 3, "竞争力": 3, "回收率": 3, "生产厂家": 3, "胶粘剂": 3, "乙二醇": 3, "稳定化": 3, "锂离子": 3, "超声波": 3, "无纺布": 3, "化工产品": 3, "减量化": 3, "硝基苯": 3, "酚醛树脂": 3, "经济指标": 3, "cod": 3, "抗氧化": 3, "ptfe": 3, "加工过程": 3, "以人为本": 3, "广泛应用": 3, "科研单位": 3, "丙烯酸": 3, "清洗剂": 3, "深入研究": 3, "二次污染": 3, "柴油机": 3, "混凝土": 3, "原料药": 3, "甲基丙烯酸": 3, "开发技术": 3, "复合材料": 3, "不锈钢": 2, "cm2": 2, "竞争能力": 2, "利用微": 2, "符合国家": 2, "副反应": 2, "苯乙烯": 2, "降低成本": 2, "后处理": 2, "安赛蜜": 2, "活性炭": 2, "半成品": 2, "工作量": 2, "二氯甲烷": 2, "同行业": 2, "甲酸钠": 2, "法新戊二醇": 2, "分离出来": 2, "销售价格": 2, "基本上": 2, "玻璃制品": 2, "硅酸盐": 2, "开发新": 2, "功能型": 2, "显影剂": 2, "高能量": 2, "技术手段": 2, "四川大学": 2, "玻璃杯": 2, "化妆品": 2, "大豆磷脂": 2, "酸蓄电池": 2, "工厂化": 2, "芝麻油": 2, "老化试验": 2, "国家标准": 2, "发动机": 2, "冷却系统": 2, "子络合": 2, "官能团": 2, "sop": 2, "技术培训": 2, "技术创新": 2, "电解槽": 2, "专利技术": 2, "nm3": 2, "市场前景": 2, "白炭黑": 2, "专用设备": 2, "高阻隔": 2, "钕铁硼": 2, "稀土金属": 2, "技术开发": 2, "耐候性": 2, "副产品": 2, "有机溶剂": 2, "含水率": 2, "吡咯烷酮": 2, "短时间": 2, "微量元素": 2, "有机肥料": 2, "己内酰胺": 2, "酯交换": 2, "不良影响": 2, "分子量": 2, "可降解": 2, "共同开发": 2, "含水量": 2, "电性能": 2, "新一代": 2, "分工合作": 2, "发展趋势": 2, "加工性": 2, "二甲酸": 2, "酸氧体": 2, "氯硅烷": 2, "生态环境": 2, "纺织物": 2, "环氧氯丙烷": 2, "氯化物": 2, "dmf": 2, "ncm811": 2, "骈三氮唑": 2, "压敏胶": 2, "二氯苯": 2, "智能化": 2, "销售额": 2, "平细性": 2, "耐光性": 2, "小商品": 2, "有害物质": 2, "水浸泡": 2, "防腐蚀": 2, "金属表面": 2, "化工设备": 2, "金属材料": 2, "膨胀系数": 2, "cod1000": 2, "染色机": 2, "聚氨酯": 2, "合作伙伴": 2, "合成材料配合比例": 2, "果奶膜": 2, "聚乙烯": 2, "耐热性": 2, "浓缩液": 2, "摩擦性": 2, "混纺纱": 2, "活性染料": 2, "甲萘醌": 2, "氧化剂": 2, "回弹力": 2, "编织物": 2, "成品率": 2, "单晶硅": 2, "面革血筋": 2, "牛皮鞋": 2, "柔软性": 2, "湖兰色": 2, "特殊性": 2, "干湿度": 2, "耐水洗": 2, "瓦楞纸板": 2, "矿泉水瓶": 2, "产业链": 2, "食用菌": 2, "产品种类": 2, "有机硅": 2, "乙烯基": 2, "硫酸铵": 2, "聚氯乙烯": 2, "分公司": 2, "环保局": 2, "技术储备": 2, "明确规定": 2, "行业动态": 2, "氯化氢": 2, "腐蚀性": 2, "koh": 2, "压缩机": 2, "输送量": 2, "工业化生产": 2, "硫酸钠": 2, "易燃易爆": 2, "污染物": 2, "钠碱法": 2, "相容性": 2, "硫酸铝": 2, "失去光泽": 2, "莫来石": 2, "支撑剂": 2, "挥发性": 2, "工程化": 2, "掺合料": 2, "热镀锌": 2, "氧化物": 2, "精细化工": 2, "不饱和": 2, "pta": 2, "液压油": 2, "脱色剂": 2, "茶多酚": 2, "日用化工": 2, "阿魏酸": 2, "工业生产": 2, "硝酸铵": 2, "氮化硅": 2, "阻燃性": 2, "丙二醇": 2, "甘油酯": 2, "高科技": 2, "高效能": 2, "合成橡胶": 2, "换热器": 2, "压滤机": 2, "热塑性": 2, "影响力": 2, "弹性体": 2, "热熔胶": 2, "占用率": 2, "防火板": 2, "装饰板": 2, "氧化锆": 2, "化学反应": 2, "大幅度提高": 2, "消毒剂": 2, "杀菌剂": 2, "市面上": 2, "vb6": 2, "硫化染料": 2, "专业人才": 2, "二元醇": 2, "富勒烯": 2, "防腐涂料": 2, "增塑剂": 2, "定性分析": 2, "切削液": 2, "二氧化碳": 2, "纤维板": 2, "石油焦": 2, "使用性能": 2, "青海省": 2, "环境友好": 2, "离心泵": 2, "消泡剂": 2, "类化合物": 2, "异丁烯": 2, "镁合金": 2, "铝酸钙": 2, "氯化铜": 2, "钛合硅": 2}