{"动物油": 4, "白对虾": 4, "加工技术": 4, "工艺技术": 3, "有机肥": 3, "培养基": 3, "苗组培": 3, "新品种": 3, "生产工艺": 3, "工厂化": 2, "防腐剂": 2, "金银花": 2, "深加工": 2, "抗病性": 2, "反季节": 2, "工艺流程": 2, "蝴蝶兰": 2, "金丝小枣": 2, "mtdna": 2, "无害化": 2, "技术培训": 2, "胡萝卜素": 2, "保鲜剂": 2, "人工授精": 2, "数据库": 2, "研制开发": 2, "发酵饲料": 2, "无抗饲料研发生产技术": 2, "自动化": 2, "边角料": 2, "技术耕地": 2, "修复技术稻田": 2, "菜籽油": 2, "瓜果蔬菜冷藏": 2, "畜禽产品": 2, "重金属": 2, "多组分": 2, "冬虫夏草": 2, "陶瓷工艺": 2, "罗汉松": 2, "开花结果": 2}