{"管理系统": 9, "app": 8, "led": 7, "传感器": 6, "数据分析": 6, "网络安全": 6, "控制系统": 6, "数据库": 6, "软件系统": 5, "方案设计": 5, "数据处理": 5, "线路板": 5, "自动识别": 4, "人工智能": 4, "高分子": 4, "产业化": 4, "服务平台": 4, "电容器": 4, "蜂鸣器": 4, "注塑机": 4, "信息系统": 4, "业务流程": 4, "安全事故": 4, "高速公路": 4, "产品开发": 3, "有助于": 3, "变压器": 3, "lcd": 3, "业务管理": 3, "rfid": 3, "安全监控": 3, "可视化": 3, "定位系统": 3, "结构设计": 3, "计算机软件": 3, "onu": 3, "嵌入式": 3, "市场前景": 3, "虚拟现实": 3, "dcs": 3, "数据安全": 3, "端系统": 3, "信息安全": 3, "ais": 2, "信息管理系统": 2, "控制技术": 2, "国家标准": 2, "技术开发": 2, "地质灾害": 2, "数据挖掘": 2, "信息管理": 2, "化合物": 2, "高灵敏度": 2, "相结合": 2, "操作系统": 2, "电子商城": 2, "供应链": 2, "变频测试": 2, "计量技术": 2, "sdn": 2, "waf": 2, "sdp": 2, "服务器": 2, "性价比": 2, "高可靠性": 2, "link": 2, "功率密度": 2, "高低温": 2, "锂电池": 2, "调速器": 2, "vad": 2, "mah": 2, "gprs": 2, "arm": 2, "wlcsp": 2, "电子秤": 2, "竞争力": 2, "信息化": 2, "节电器": 2, "hid": 2, "lcm": 2, "wifi": 2, "类产品": 2, "人机界面": 2, "组态王": 2, "软件设计": 2, "pet": 2, "无纺布": 2, "dcdc": 2, "转换器": 2, "smt": 2, "voip": 2, "项目引进": 2, "铝电解": 2, "显示屏": 2, "分系统": 2, "垃圾处理": 2, "pcb": 2, "mes": 2, "fanuc": 2, "控制面板": 2, "信息技术": 2, "生态环境": 2, "软件技术": 2, "稳定器": 2, "集中管理": 2, "智能家居": 2, "控制器": 2, "操作员": 2, "农产品": 2, "数据报表": 2, "ios": 2, "java": 2, "后视镜": 2, "box": 2, "流媒体": 2, "网格化": 2, "统计分析": 2, "助听器": 2, "高密度": 2, "模直刀": 2, "一分为二": 2, "人身安全": 2, "压铸模": 2, "陀螺仪": 2, "虚拟化": 2, "银行系统技术": 2}