{"自动化": 68, "机器人": 51, "智能化": 41, "控制系统": 30, "传感器": 20, "控制器": 17, "发动机": 16, "全自动": 14, "机械手": 14, "控制技术": 13, "数字化": 13, "mpa": 12, "产业化": 12, "太阳能": 12, "铝合金": 11, "plc": 10, "加工过程": 10, "自动识别": 9, "生产工艺": 9, "结构设计": 9, "定位精度": 9, "复合材料": 9, "轻量化": 9, "led": 8, "工艺流程": 8, "数控机床": 8, "有限元": 8, "手电筒": 7, "变压器": 7, "环境温度": 7, "大大提高": 7, "软件开发": 7, "提升机": 7, "不锈钢": 7, "热处理": 7, "管理系统": 7, "元器件": 7, "嵌入式": 6, "cad": 6, "腐蚀性": 6, "压缩机": 6, "激光头": 6, "无人驾驶": 6, "动力系统": 6, "流水线": 6, "国家标准": 6, "轨道交通": 6, "发生器": 6, "产品开发": 6, "新能源": 6, "搅拌器": 6, "额定功率": 6, "agv": 6, "蒸发器": 6, "电容器": 6, "动力学": 6, "操作系统": 6, "电动车": 5, "伺服电机": 5, "蓄电池": 5, "集装箱": 5, "工艺技术": 5, "控制策略": 5, "广泛应用": 5, "变电站": 5, "电磁场": 5, "关键性": 5, "天然气": 5, "降低成本": 5, "深入研究": 5, "硬质合金": 5, "rpm": 5, "体积小": 5, "技术开发": 5, "减速机": 5, "锂离子": 5, "变频器": 5, "pvc": 5, "换热器": 5, "仿真技术": 5, "可编程": 4, "大功率": 4, "电加热": 4, "粗糙度": 4, "经济性": 4, "cm3": 4, "聚氨酯": 4, "烘干机": 4, "igbt": 4, "逆变器": 4, "配电柜": 4, "热稳定性": 4, "母线槽": 4, "互感器": 4, "故障率": 4, "激振力": 4, "回转窑": 4, "利用效率": 4, "识别系统": 4, "环网柜": 4, "电焊机": 4, "技术水平": 4, "执行器": 4, "集成系统": 4, "故障诊断": 4, "达到最佳": 4, "最大化": 4, "效率高": 4, "分布式": 4, "动力源": 4, "外形尺寸": 4, "过滤器": 4, "污水处理": 4, "柴油机": 4, "锂电池": 4, "精准度": 4, "减速器": 4, "油烟机": 4, "超高速": 4, "自动检测": 4, "发电机": 3, "不利于": 3, "控制程序": 3, "远距离": 3, "源热泵": 3, "模型试验": 3, "相当于": 3, "建筑物": 3, "选择性": 3, "符合国家": 3, "粘接剂": 3, "开发新": 3, "生产厂家": 3, "半自动": 3, "应用领域": 3, "通用性": 3, "离心机": 3, "处理量": 3, "集成化": 3, "每分钟": 3, "拖拉机": 3, "离合器": 3, "产品设计": 3, "气密性": 3, "绝缘子": 3, "危险度": 3, "热效率": 3, "振动筛": 3, "热交换": 3, "高科技": 3, "pcb": 3, "各个环节": 3, "精密度": 3, "技术手段": 3, "自动控制": 3, "环保型": 3, "塑料软管": 3, "理管机": 3, "机器设备": 3, "技术咨询": 3, "方案设计": 3, "安全可靠": 3, "柴油发动机": 3, "折弯机": 3, "高低温": 3, "计算结果": 3, "钢结构": 3, "cae": 3, "综合性": 3, "pdm": 3, "数控系统": 3, "耐磨性": 3, "长时间": 3, "结构复杂": 3, "粉碎机": 3, "试验室": 3, "解决问题": 3, "断路器": 3, "信号处理": 3, "大气污染": 3, "工作量": 3, "颗粒物": 3, "新型材料": 3, "处理工艺": 3, "环境友好": 3, "转化率": 3, "工作电压": 3, "感应器": 3, "添加剂": 3, "新工艺": 3, "航空航天": 3, "类产品": 3, "光机电": 3, "技术设备": 3, "结构紧凑": 3, "占地面积": 3, "加热管": 3, "h2o": 3, "升级换代": 3, "控制算法": 3, "加速度": 3, "垃圾焚烧": 3, "关键因素": 3, "控制软件": 3, "特高压": 3, "技术壁垒": 3, "压缩空气": 3, "数据库": 3, "资金投入": 3, "线电压": 3, "安全等级": 3, "asil": 3, "生产规划": 3, "电动汽车": 3, "承载能力": 3, "高效能": 3, "石油化工": 3, "规模化": 3, "电动机": 3, "线路板": 3, "电路板": 3, "装配线": 3, "绝缘性": 3, "热传导": 3, "电源模块": 3, "信息处理": 2, "中二冲枪": 2, "epa": 2, "xpe": 2, "印刷技术": 2, "精确度": 2, "密封性": 2, "电路设计": 2, "输送机": 2, "局限性": 2, "循环泵": 2, "ip67": 2, "贡献率": 2, "两栖作战": 2, "数学模型": 2, "nm3": 2, "推进器": 2, "重复性": 2, "预处理": 2, "系统性": 2, "收缩率": 2, "剥离强度": 2, "聚合度": 2, "氯化铝": 2, "油菜籽": 2, "绝缘层": 2, "阻燃性": 2, "絮凝剂": 2, "使用量": 2, "pid": 2, "sic": 2, "mosfet": 2, "dsp": 2, "控制板": 2, "开关柜": 2, "开发阶段": 2, "光洁度": 2, "技术革新": 2, "碳纤维": 2, "变流器": 2, "符合要求": 2, "矿产品": 2, "拟人化": 2, "环境污染": 2, "电渣焊": 2, "技术升级": 2, "加热炉": 2, "复合控制": 2, "不横振": 2, "循环水": 2, "窑筒体": 2, "时筒体": 2, "解决办法": 2, "fpc": 2, "控制精度": 2, "二维码": 2, "无人化": 2, "服装设计": 2, "技术改造": 2, "生产率": 2, "光学薄膜": 2, "经验不足": 2, "高效率": 2, "绝缘材料": 2, "饮用水": 2, "燃料电池": 2, "系统控制": 2, "危险性": 2, "通过率": 2, "水平仪": 2, "发射器": 2, "保护期": 2, "结构合理": 2, "保护器": 2, "误操作": 2, "不良现象": 2, "手压式": 2, "重量轻": 2, "准确率": 2, "机床设备": 2, "抗磨损": 2, "破碎机": 2, "填充物": 2, "防火门": 2, "发明专利": 2, "市场前景": 2, "专用汽车": 2, "精确化": 2, "比例阀": 2, "系统配置": 2, "自锁力": 2, "蜗杆传动": 2, "保护方式": 2, "关节轴承": 2, "电信号": 2, "核心技术": 2, "机械设计": 2, "螺旋藻": 2, "同类产品": 2, "gh3044": 2, "机械性能": 2, "asme": 2, "化学成分": 2, "精加工": 2, "触摸屏": 2, "电渣锭": 2, "混凝土": 2, "下水道": 2, "装载量": 2, "混合物": 2, "至关重要": 2, "废品率": 2, "镁合金": 2, "焊接件": 2, "球磨机": 2, "易损件": 2, "传输技术": 2, "数据中心": 2, "服务器": 2, "机械化": 2, "制造业": 2, "体育器材": 2, "汽车电机": 2, "模糊控制": 2, "发电设备": 2, "超低温": 2, "抗氧化": 2, "挖掘机": 2, "仪器设备": 2, "驾驶员": 2, "马桶盖": 2, "实验室": 2, "期刊论文": 2, "边界条件": 2, "配电室": 2, "起重机械": 2, "安全监控": 2, "导磁率": 2, "水清浩": 2, "程度较高": 2, "圆织机": 2, "短时间": 2, "app": 2, "系统管理": 2, "密封圈": 2, "设计标准": 2, "凝结水": 2, "处理过程": 2, "塑料机械": 2, "达标排放": 2, "平行作业": 2, "定位问题": 2, "ra0": 2, "柱塞泵": 2, "另一端": 2, "电主轴": 2, "软件技术": 2, "拉丝机": 2, "退火炉": 2, "污染物": 2, "可追溯": 2, "障碍物": 2, "甲萘醌": 2, "热塑性": 2, "清洗剂": 2, "粉煤灰": 2, "开发成本": 2, "消音器": 2, "具体内容": 2, "噪音控制": 2, "cmc": 2, "经济指标": 2, "可塑性": 2, "机械加工": 2, "关键在于": 2, "内皮细胞": 2, "rgp": 2, "ftir": 2, "傅里叶": 2, "分析方法": 2, "羊绒纱": 2, "solospun": 2, "伸长率": 2, "合成革": 2, "透气性": 2, "制成品": 2, "小包装": 2, "紫外线": 2, "同步控制": 2, "实时性": 2, "鲁棒性": 2, "充分利用": 2, "冷风机": 2, "螺旋桨": 2, "试验报告": 2, "高功率": 2, "电解液": 2, "迫切需要": 2, "基合金": 2, "不可避免": 2, "最大值": 2, "电解质": 2, "电化学": 2, "延伸率": 2, "系统维护": 2, "高密度": 2, "不稳定性": 2, "起重机": 2, "cnc": 2, "检测仪": 2, "直流电": 2, "技术含量": 2, "电抗器": 2, "食品包装": 2, "耐磨材料": 2, "电力系统": 2, "电阻率": 2, "滑板车": 2, "相对运动": 2, "钢化玻璃": 2, "灵敏度": 2, "成本增加": 2, "流体力学": 2, "成熟度": 2, "装配式": 2, "结合部": 2, "贴标签": 2, "机油泵": 2, "润滑油脂": 2, "实际成本": 2, "利用微": 2, "流量计": 2, "大面积": 2, "可燃冰": 2, "试生产": 2, "节约能源": 2, "caxa": 2, "试验机": 2, "加速器": 2, "平衡装置": 2, "热水器": 2, "中空板": 2, "劳动力": 2, "开关电源": 2, "核心部件": 2, "反射率": 2, "可见光": 2, "节能灯": 2, "太阳电池": 2, "电气控制": 2, "注意事项": 2, "催化剂": 2, "振动噪声分析控制": 2, "模拟技术": 2, "千斤顶": 2, "高新技术": 2, "钢制品": 2, "热交换器": 2, "设计": 2, "抗拉强度": 2, "省煤器": 2, "截止阀": 2, "mvr": 2, "蒸发量": 2, "浓缩器": 2, "废水处理": 2, "产品规格": 2, "固体废弃物": 2, "废弃物": 2, "iec": 2, "制动器": 2, "连接器": 2, "总投资额": 2, "时有发生": 2, "低压电器": 2, "制造商": 2, "人行道": 2, "居高不下": 2, "工作温度": 2, "异步电动": 2, "软起动": 2, "液压机": 2, "覆膜机": 2, "双金属": 2, "疲劳强度": 2, "激光器": 2, "二氧化碳": 2, "机械传动": 2, "密封件": 2, "显示器": 2, "空气压缩机": 2, "架空线": 2, "导电性": 2, "电导率": 2, "现阶段": 2, "主要参数": 2, "pet": 2, "现代化": 2, "vac": 2, "干燥器": 2, "tmr": 2, "系统集成": 2, "融雪剂": 2, "数据传输": 2, "液压油": 2, "原理图": 2, "钛合金": 2, "存储系统": 2, "开关设备": 2, "混合气体": 2, "受限制": 2, "散热片": 2, "和运维": 2, "以太网": 2, "化工行业": 2, "联合开发": 2, "立体车库": 2, "分析音乐节奏": 2, "活性炭": 2, "co2": 2, "继电保护": 2, "测试仪": 2, "工程技术": 2, "半自动化": 2, "达到目标": 2, "bms": 2, "pa66": 2, "系统软件": 2, "坐便器": 2, "快速道路": 2, "交通事故": 2, "交通信号": 2, "动力电池": 2, "pack": 2, "电暖器": 2, "指示器": 2, "半导体": 2, "寿命长": 2, "定位系统": 2, "hz6": 2, "水电站": 2, "svg": 2}