{"热处理": 27, "不锈钢": 26, "自动化": 21, "mpa": 12, "led": 10, "铝合金": 10, "模具设计": 9, "生产工艺": 8, "新能源": 8, "发动机": 7, "催化剂": 7, "处理工艺": 7, "复合材料": 7, "润滑油": 6, "耐磨性": 6, "控制系统": 6, "rpm": 6, "锂电池": 6, "加工过程": 6, "结构设计": 5, "全自动": 5, "自动控制": 5, "机加工": 5, "金属材料": 5, "压缩机": 5, "产业化": 5, "碳纤维": 5, "有限元": 5, "高速运转": 5, "塑料薄膜": 5, "结构复杂": 4, "平整度": 4, "粗糙度": 4, "新工艺": 4, "接触网": 4, "智能化": 4, "封边机": 4, "数字化": 4, "机械化": 4, "换热器": 4, "机器人": 4, "镁合金": 4, "压力机": 4, "无污染": 4, "线切割": 4, "水轮机": 4, "天然气": 4, "波纹管": 4, "mah": 4, "集装箱": 4, "耐腐蚀性": 4, "大功率": 4, "轻量化": 4, "蓝宝石": 4, "聚氨酯": 4, "力学性能": 4, "高分子": 4, "变压器": 4, "动力学": 4, "无人机": 4, "晶圆级": 4, "传感器": 3, "工作电压": 3, "元器件": 3, "氧化锆": 3, "减速机": 3, "环境温度": 3, "超声波": 3, "注塑件": 3, "批量生产": 3, "技术改造": 3, "解决办法": 3, "剃须刀": 3, "工艺技术": 3, "真空度": 3, "配套技术": 3, "电动机": 3, "控制技术": 3, "环保型": 3, "最大化": 3, "超临界": 3, "圆柱形": 3, "光洁度": 3, "深入研究": 3, "离心泵": 3, "高效率": 3, "无害化": 3, "工作台": 3, "伺服电机": 3, "定位精度": 3, "变速箱": 3, "效率高": 3, "压铸件": 3, "热膨胀": 3, "水溶液": 3, "透明度": 3, "耐腐蚀": 3, "耐磨材料": 3, "迫切需要": 3, "寿命短": 3, "摄像机": 3, "光谱分析": 3, "跟不上": 3, "球墨铸铁": 3, "混凝土": 3, "双金属": 3, "钢丝绳": 3, "充分利用": 3, "摄氏度": 3, "抗拉强度": 3, "高精密": 3, "pvc": 3, "储纬器": 2, "多样性": 2, "耐候性": 2, "针织机": 2, "国外同类": 2, "分辨率": 2, "测量范围": 2, "成熟度": 2, "高质量": 2, "亮度高": 2, "广泛应用": 2, "推进器": 2, "选择性": 2, "光学镜头": 2, "增程器": 2, "开发技术": 2, "印刷技术": 2, "可控硅": 2, "dc1000v": 2, "dc600v": 2, "接触器": 2, "电磁兼容": 2, "柔韧性": 2, "磨煤机": 2, "引进技术": 2, "机械加工": 2, "产品成本": 2, "流量计": 2, "测量误差": 2, "金属表面": 2, "环境污染": 2, "pid": 2, "温度控制": 2, "经济性": 2, "核电站": 2, "研制开发": 2, "类产品": 2, "凹凸不平": 2, "液压油": 2, "高速旋转": 2, "摩擦力": 2, "ipx7": 2, "测试方法": 2, "大气污染": 2, "仿真技术": 2, "电动工具": 2, "交直流": 2, "感应式": 2, "异步电动": 2, "非常适合": 2, "垃圾桶": 2, "解决机器": 2, "物理性能": 2, "均匀度": 2, "活性剂": 2, "隔音棉": 2, "竞争力": 2, "清洗机": 2, "ck3mcun": 2, "温度场": 2, "领先水平": 2, "节能降耗": 2, "玻璃器皿": 2, "表面质量": 2, "节约能源": 2, "需求量": 2, "五金模具": 2, "开关设备": 2, "保持架": 2, "汽轮机": 2, "传动系统": 2, "小排量": 2, "柱塞泵": 2, "超高速": 2, "完整性": 2, "耐磨性能": 2, "核心部件": 2, "技术水平": 2, "合理性": 2, "实验性": 2, "失效率": 2, "解决问题": 2, "鼓风机": 2, "mmx800mm": 2, "工作面": 2, "处理厂": 2, "拖拉机": 2, "退火炉": 2, "纳米级": 2, "锂离子": 2, "薄壁蜡模尺寸变形控制": 2, "反射率": 2, "发射极": 2, "太阳能": 2, "亚麻纺纱金属离子": 2, "bopp": 2, "表面处理": 2, "模具寿命研究": 2, "木质素": 2, "抗氧化": 2, "结构件": 2, "生产方式": 2, "cm2": 2, "润滑脂": 2, "绝缘材料": 2, "高倍率": 2, "镍氢电池": 2, "磨边机": 2, "锌合金": 2, "挥发份": 2, "阻燃性": 2, "nox": 2, "卷烟纸": 2, "谐振器": 2, "ppm": 2, "gps": 2, "一分为二": 2, "磁瓦会": 2, "圆心角": 2, "二乙醇胺": 2, "弹性模量": 2, "数学模型": 2, "滑动摩擦": 2, "粘合力": 2, "ptfe": 2, "寿命长": 2, "khz": 2, "测试报告": 2, "化学反应": 2, "隔热性": 2, "传热系数": 2, "气密性": 2, "计算机控制": 2, "互感器": 2, "冷处理": 2, "添加剂": 2, "降低成本": 2, "减少纱线断头": 2, "国防军工": 2, "直流电源": 2, "nvh": 2, "进气口": 2, "经济指标": 2, "铜包钢": 2, "控制阀": 2, "调节阀": 2, "fcd450": 2, "污染物": 2, "烘干机": 2, "磁感应": 2, "降本增效": 2, "核心技术": 2, "结合力": 2, "集热器": 2, "热效率": 2, "电磁阀": 2, "球磨机": 2, "达到最佳": 2, "同步器": 2, "摩擦系数": 2, "松拉刀": 2, "电主轴": 2, "塑料件": 2, "重量轻": 2, "体积小": 2, "工艺流程": 2, "无缝钢管": 2, "等温退火": 2, "不锈钢丝": 2, "可调式": 2, "模拟计算": 2, "抗腐蚀": 2, "距离远": 2, "细轴类": 2, "cr13": 2, "fesi": 2, "呼吸器": 2, "吹瓶机": 2, "perc": 2, "jedec": 2, "msl3": 2, "wlcsp": 2, "低功耗": 2, "高像素": 2, "磁力泵": 2, "产品设计": 2, "吸尘器": 2, "乌斯特": 2, "存储系统": 2, "热塑性": 2, "探测器": 2, "scb13": 2, "低损耗": 2, "铁氧体": 2}