{"led": 40, "自动化": 28, "互联网": 28, "管理系统": 28, "传感器": 26, "智能化": 25, "app": 22, "控制系统": 21, "数据库": 19, "机器人": 17, "信息化": 15, "变压器": 14, "摄像头": 12, "新能源": 10, "人工智能": 10, "软件开发": 9, "技术开发": 9, "集成电路": 9, "分布式": 8, "同步电机": 8, "数字化": 8, "信息技术": 7, "嵌入式": 7, "ios": 7, "无线通信": 7, "识别系统": 7, "数控系统": 7, "控制技术": 7, "锂电池": 7, "继电器": 7, "半导体": 7, "功能模块": 7, "erp": 7, "太阳能": 6, "软件系统": 6, "服务平台": 6, "元器件": 6, "电子产品": 6, "触摸屏": 6, "小型化": 6, "服务器": 6, "dsp": 6, "人力资源": 6, "产品开发": 6, "客户端": 6, "图像识别": 6, "bim": 5, "业务流程": 5, "数据处理": 5, "钕铁硼": 5, "定位系统": 5, "电动汽车": 5, "锂离子": 5, "实验室": 5, "新一代": 5, "线路板": 5, "plc": 5, "web": 5, "管理水平": 5, "自定义": 5, "信息系统": 5, "发展趋势": 4, "风险管理": 4, "数据分析": 4, "降低成本": 4, "轻量化": 4, "mhz": 4, "以太网": 4, "天然气": 4, "信息管理系统": 4, "操作系统": 4, "通用性": 4, "电路板": 4, "无人机": 4, "编码器": 4, "结构设计": 4, "互感器": 4, "pcb": 4, "开发人员": 4, "麦克风": 4, "分辨率": 4, "广播网": 4, "linux": 4, "信号处理": 4, "网络化": 4, "断路器": 4, "自动检测": 4, "共同开发": 4, "wifi": 4, "可视化": 4, "自动识别": 4, "管理者": 4, "系统化": 4, "信息管理": 4, "经销商": 4, "android": 3, "多样化": 3, "软件应用": 3, "sql": 3, "工作站": 3, "发动机": 3, "广泛应用": 3, "充放电": 3, "扩展性": 3, "打印机": 3, "ppr": 3, "产业化": 3, "各种规格": 3, "实时性": 3, "rs485": 3, "低功耗": 3, "技术创新": 3, "电子元件": 3, "环保型": 3, "产业链": 3, "高亮度": 3, "高质量": 3, "集装箱": 3, "铝压铸": 3, "泛光灯": 3, "电解电容": 3, "电感线圈": 3, "扬声器": 3, "tvs": 3, "tss": 3, "保险丝": 3, "产品设计": 3, "明显增加": 3, "电池组": 3, "变电站": 3, "伺服电机": 3, "遥控器": 3, "终端设备": 3, "全自动": 3, "系统管理": 3, "配电网": 3, "单片机": 3, "智能家居": 3, "竞争力": 3, "钢丝绳": 3, "准确性": 3, "劳动力": 3, "led5w7w": 3, "应用领域": 3, "gps": 3, "升级换代": 3, "导航系统": 3, "专用设备": 3, "联合开发": 3, "机械设备": 3, "电磁阀": 3, "准确率": 3, "解决问题": 3, "ghz": 3, "系统软件": 3, "数据管理": 3, "通信协议": 3, "工作人员": 3, "图像处理": 3, "资源管理": 3, "软硬件": 3, "网络安全": 3, "数据安全": 3, "fpc": 3, "多维度": 3, "农产品": 3, "停车场": 3, "灵活性": 3, "项目管理": 3, "着色器": 2, "可编程": 2, "两栖作战": 2, "地震波": 2, "依赖于": 2, "学术界": 2, "识别率": 2, "电子负载": 2, "新工艺": 2, "增氧机": 2, "状态机": 2, "交流电": 2, "交流电源": 2, "浏览器": 2, "数据共享": 2, "投融资": 2, "这三类": 2, "网络通信": 2, "软件平台": 2, "环境因素": 2, "架构设计": 2, "交易平台": 2, "商业模式": 2, "神经网络": 2, "计算机软件": 2, "腐蚀性": 2, "性价比": 2, "综合性": 2, "短时间": 2, "集约化": 2, "记录仪": 2, "随时随地": 2, "类产品": 2, "sfp28": 2, "高倍率": 2, "吸尘器": 2, "电池容量": 2, "人机对话": 2, "数控机床": 2, "自动控制": 2, "最优化": 2, "动力系统": 2, "远距离": 2, "ac85": 2, "生产商": 2, "电瓶车": 2, "人机交互": 2, "系统安全": 2, "管理软件": 2, "压缩空气": 2, "气密性": 2, "人脸识别": 2, "连接器": 2, "rs232": 2, "式电流": 2, "体积小": 2, "开关柜": 2, "接触器": 2, "高可靠性": 2, "电磁铁": 2, "液晶屏": 2, "工艺技术": 2, "制作方法": 2, "验证码": 2, "挖掘出": 2, "智能算法": 2, "开放平台": 2, "显微镜": 2, "单颗芯": 2, "熔断器": 2, "环境温度": 2, "超声波": 2, "开放式": 2, "电话会议": 2, "数据网络": 2, "软交换": 2, "电磁场": 2, "保护模式": 2, "直流电机": 2, "rpm": 2, "接收器": 2, "万向轮": 2, "操作过程": 2, "压缩机": 2, "agv": 2, "基本功能": 2, "sf6": 2, "引进技术": 2, "逐步形成": 2, "保护装置": 2, "相电流": 2, "至关重要": 2, "建筑物": 2, "镇流器": 2, "不断改进": 2, "生产工艺": 2, "遗传算法": 2, "核心部件": 2, "远程教育": 2, "知识点": 2, "电子衡器": 2, "静电感应": 2, "pc47": 2, "批量生产": 2, "hid": 2, "节电器": 2, "成品率": 2, "有所改善": 2, "保护环境": 2, "发电机组": 2, "发电量": 2, "rfid": 2, "uhf": 2, "绝缘性": 2, "风电电缆": 2, "用户端": 2, "ups": 2, "组合式": 2, "电源模块": 2, "ip67": 2, "主机厂": 2, "特征提取": 2, "数字图像处理": 2, "三维重建": 2, "此基础": 2, "蓝宝石": 2, "mysql": 2, "java": 2, "c++": 2, "飞行器": 2, "hsd": 2, "high": 2, "静电场": 2, "控制策略": 2, "膨胀阀": 2, "电动阀": 2, "环境污染": 2, "科研成果": 2, "大专院校": 2, "能源消耗": 2, "大气污染": 2, "西工大": 2, "驱动器": 2, "氯离子": 2, "工作量": 2, "流媒体": 2, "高新技术": 2, "航空航天": 2, "相控阵": 2, "毫米波": 2, "高密度": 2, "信息战": 2, "模拟系统": 2, "门把手": 2, "ros": 2, "高效能": 2, "砷化镓": 2, "sic": 2, "电力设备": 2, "工业用": 2, "cms": 2, "并行计算": 2, "中间件": 2, "软件设计": 2, "控制器": 2, "激光焊接": 2, "显示屏": 2, "paas": 2, "紫外线": 2, "身份证": 2, "psd": 2, "虚拟现实": 2, "管理机构": 2, "成熟度": 2, "输送到": 2, "jcoe": 2, "电容式": 2, "同行业": 2, "故障诊断": 2, "不必要": 2, "轨道交通": 2, "计算技术": 2, "防火墙": 2, "和示教": 2, "汽车配件": 2, "漆包线": 2, "借助于": 2, "个人信息": 2, "铁氧体": 2, "mes": 2, "透明化": 2, "直驱式": 2, "控制算法": 2, "开发技术": 2, "excel": 2, "满意度": 2, "客户关系": 2, "准确无误": 2, "金融设备": 2, "不锈钢": 2, "安全等级": 2, "音视频": 2, "数据交换": 2, "响应速度": 2, "统计分析": 2, "加密技术": 2, "阅读器": 2, "业务管理": 2, "微信版": 2, "用户数": 2, "晶体振荡器": 2, "满足要求": 2, "b2b": 2, "居民身份证": 2, "网络系统": 2, "rcs": 2, "工作频率": 2, "线极化": 2, "波束宽度": 2, "谐振腔": 2, "jbpm": 2, "财务数据": 2, "车辆管理": 2, "倾向性": 2, "小游戏": 2, "存储器": 2, "逻辑电路": 2, "配电房": 2, "跨平台": 2, "太阳光": 2, "公交车": 2, "驾驶员": 2, "eml": 2, "客户服务": 2, "储物箱": 2, "电缆线": 2, "绝缘材料": 2, "家用空调": 2, "金属家具": 2, "技术咨询": 2, "电子信息": 2, "绿启源": 2, "中间层": 2, "三达膜": 2, "支付宝": 2, "网络科技": 2}