{"控制技术": 8, "机器人": 6, "热处理": 5, "智能化": 5, "机械手": 5, "自动化": 4, "数控机床": 4, "安全玻璃": 4, "直流电机": 4, "同步电机": 3, "pgm": 2, "流水线": 2, "氧化铝": 2, "化学成分": 2, "生产工艺": 2, "产业化": 2, "imu": 2, "rtk": 2, "mems": 2, "注塑件": 2, "ecu": 2, "eps": 2, "真空泵": 2, "医疗器械": 2, "摩托车": 2, "fr530": 2, "pet": 2, "pbt850": 2, "喷油器": 2, "ts250f8": 2, "dsm": 2, "pa46": 2, "模具设计": 2, "硬质合金": 2, "救援车": 2, "合金钢": 2, "直驱式": 2, "电永磁技术": 2, "翅片管": 2, "轻量化": 2, "电加热": 2, "产品开发": 2, "故障诊断": 2, "工业化": 2, "试验机": 2, "立体车库": 2, "输变电": 2}