{"废水处理": 7, "催化剂": 7, "太阳能": 7, "自动化": 6, "多晶硅": 4, "活性炭": 4, "空气净化": 3, "风电场": 3, "喷淋塔": 2, "生物降解": 2, "垃圾处理": 2, "cod": 2, "新工艺": 2, "信息化": 2, "天然纤维": 2, "大大降低": 2, "木地板": 2, "吸音棉": 2, "pet": 2, "蓬松度": 2, "回弹性": 2, "无人驾驶": 2, "vocs": 2, "贵金属": 2, "生态区": 2, "高效率": 2, "逆变器": 2, "集成化": 2, "控制器": 2, "凝结水": 2, "产业化": 2, "热水器": 2, "污水处理": 2, "热电厂": 2, "故障诊断": 2, "工业用": 2, "开发技术": 2}