{"太阳能": 29, "自动化": 23, "生产工艺": 18, "复合材料": 16, "高分子": 16, "pvc": 11, "产业化": 11, "不锈钢": 11, "mpa": 11, "新能源": 11, "led": 10, "产品开发": 10, "新工艺": 10, "锂电池": 10, "技术改造": 9, "热处理": 8, "活性炭": 8, "生物质": 8, "摄氏度": 8, "聚氨酯": 8, "竞争力": 8, "金刚石": 8, "共同开发": 7, "资源化": 7, "发明专利": 7, "二氧化硅": 7, "混凝土": 7, "工艺技术": 7, "绝缘材料": 7, "线切割": 6, "轻量化": 6, "热塑性": 6, "高阻隔": 6, "应用领域": 6, "节能降耗": 6, "可降解": 6, "铁氧体": 6, "锂离子": 6, "控制系统": 6, "批量生产": 6, "环保型": 6, "电池组": 6, "催化剂": 6, "电路板": 5, "pcb": 5, "市面上": 5, "生产厂家": 5, "合金材料": 5, "耐温性": 5, "废水处理": 5, "抗拉强度": 5, "铝合金": 5, "广泛应用": 5, "丙烯酸": 5, "废弃物": 5, "降低成本": 5, "新一代": 5, "聚合物": 5, "选择性": 5, "弹性体": 5, "tpu": 5, "技术创新": 5, "玻璃纤维": 5, "热水器": 5, "重金属": 4, "添加剂": 4, "开发新": 4, "腐蚀性": 4, "物理性能": 4, "技术开发": 4, "国家标准": 4, "无害化": 4, "解决办法": 4, "新型材料": 4, "聚烯烃": 4, "粉末冶金": 4, "工程技术": 4, "电解液": 4, "规模化": 4, "效率高": 4, "铜合金": 4, "研究所": 4, "处理工艺": 4, "氧化铝": 4, "结合力": 4, "耐腐蚀": 4, "污水处理": 4, "真空管": 4, "氮化硅": 4, "人工关节": 4, "矿热炉": 4, "单晶硅": 4, "升级换代": 4, "热固胶": 4, "国产化": 4, "耐磨性": 4, "eva": 4, "聚四氟乙烯": 4, "镀锌板": 4, "钛白粉": 4, "硫酸亚铁": 4, "无纺布": 3, "纤维材料": 3, "工业化": 3, "阻燃性": 3, "多晶硅": 3, "蓝宝石": 3, "关键部件": 3, "镁铝合金": 3, "航空航天": 3, "长时间": 3, "高效率": 3, "使用量": 3, "现阶段": 3, "含水量": 3, "市场前景": 3, "控制技术": 3, "ppm": 3, "cm3": 3, "微生物": 3, "处理剂": 3, "智能化": 3, "喷雾干燥": 3, "实验室": 3, "纳米级": 3, "经济指标": 3, "保温材料": 3, "碳酸钙": 3, "分散性": 3, "高新技术": 3, "耐久性": 3, "耐酸碱": 3, "耐冲击": 3, "力学性能": 3, "机器人": 3, "结构设计": 3, "密封件": 3, "领先水平": 3, "发动机": 3, "流水线": 3, "工艺流程": 3, "电子产品": 3, "打印机": 3, "天然气": 3, "深加工": 3, "胶粘剂": 3, "金属表面": 3, "柔韧性": 3, "合作伙伴": 3, "金属粉末": 3, "包装材料": 3, "传统工艺": 3, "综合性": 3, "伸长率": 3, "水溶性": 3, "热熔胶": 3, "高科技": 3, "抗静电": 3, "聚丙烯": 3, "补偿器": 3, "换热器": 3, "金属软管": 3, "耐火材料": 3, "碳纤维": 3, "技术升级": 3, "建筑材料": 3, "废品率": 3, "表面积": 3, "显示屏": 3, "寿命长": 3, "荧光粉": 2, "反渗透": 2, "大大降低": 2, "集中处理": 2, "sfyg001": 2, "转化率": 2, "环境污染": 2, "主营业务": 2, "水蒸气": 2, "耐火性": 2, "材料科学": 2, "去除率": 2, "工程师": 2, "热导率": 2, "钛合金": 2, "易燃易爆": 2, "热容量": 2, "rap": 2, "防弹衣": 2, "性能参数": 2, "机械加工": 2, "加工过程": 2, "有色金属": 2, "引进技术": 2, "电离子": 2, "膨胀系数": 2, "cte": 2, "光催化": 2, "销售收入": 2, "硅橡胶": 2, "导热性": 2, "核心技术": 2, "耐老化": 2, "定向吸附": 2, "磁导率": 2, "矫顽力": 2, "离散性": 2, "防寒服": 2, "工作站": 2, "博士后": 2, "沥青路面": 2, "污染物": 2, "粘接剂": 2, "增塑剂": 2, "周期短": 2, "高速度": 2, "差别化": 2, "电解质": 2, "源热泵": 2, "固化剂": 2, "超低温": 2, "大面积": 2, "数据库": 2, "质量指标": 2, "轨道交通": 2, "抗冲击": 2, "研究院": 2, "铝型材": 2, "局限性": 2, "生活污泥陶粒": 2, "污泥碳": 2, "耐磨材料": 2, "碳化硅": 2, "塑料包装": 2, "tgic": 2, "流平剂": 2, "热转印": 2, "市场竞争": 2, "主导产品": 2, "废旧塑料": 2, "充分利用": 2, "无污染": 2, "流化床": 2, "福建省": 2, "siox": 2, "vip": 2, "改性剂": 2, "nox": 2, "联合开发": 2, "grex": 2, "生产流程": 2, "cm2": 2, "纳米技术": 2, "h13": 2, "模具钢": 2, "成品率": 2, "固体废弃物": 2, "软件工程": 2, "mah": 2, "全固态": 2, "悬浮物": 2, "高性价比": 2, "过磷酸钙": 2, "变废为宝": 2, "防水剂": 2, "防水涂料": 2, "高压线": 2, "商用车": 2, "低能耗": 2, "sbs": 2, "染色性": 2, "粉煤灰": 2, "产品型号": 2, "bo4": 2, "破碎率": 2, "复合地板": 2, "螺旋线": 2, "回弹力": 2, "恢复性": 2, "可持续性": 2, "增强型": 2, "ty1600": 2, "介电常数": 2, "硫酸钙": 2, "危化品": 2, "历史悠久": 2, "水玻璃": 2, "煤气化": 2, "无溶剂": 2, "聚乙烯": 2, "pet": 2, "后处理": 2, "光泽度": 2, "连铸三": 2, "保护膜": 2, "高聚物": 2, "称之为": 2, "粘易贴": 2, "机械手": 2, "广大客户": 2, "初具规模": 2, "金属包装": 2, "包装容器": 2, "年产量": 2, "机械工程": 2, "化合物": 2, "注塑级": 2, "防护衣": 2, "蜘蛛丝": 2, "三乙胺": 2, "ppb": 2, "ppr": 2, "tft": 2, "lcd": 2, "bmc": 2, "清洗剂": 2, "蓄电池": 2, "ptfe": 2, "机械研发": 2, "磁性材料": 2, "高质量": 2, "市场占有率": 2, "耐腐蚀性": 2, "塑料瓶": 2, "含水率": 2, "熔断器": 2, "耐蚀性": 2, "摩擦系数": 2, "分子量": 2, "混合材料": 2, "面和线": 2, "工程塑料": 2, "金属化": 2, "机械性能": 2, "耐油性": 2, "解决问题": 2, "表面质量": 2, "石英管": 2, "延伸率": 2, "铜包钢": 2, "屏蔽门": 2, "传感器": 2, "寿命短": 2, "智能性": 2, "技术实力": 2, "分子筛": 2, "温度场": 2, "抗氧化": 2, "大气污染": 2, "专用设备": 2, "热传导": 2, "rosh": 2, "fcc": 2, "hrc35": 2, "黑色金属": 2, "无缝钢管": 2, "ph值": 2, "pim": 2, "电池板": 2, "乳化液": 2, "uhpc": 2, "纤维细胞": 2, "富勒烯": 2, "uva": 2, "合金丝": 2, "副产品": 2, "防腐蚀": 2, "压力容器": 2, "管理系统": 2, "一步法": 2, "印刷版": 2, "异丁烯": 2, "制冷机": 2, "erp": 2, "维基百科": 2, "发布者": 2, "个人信息": 2, "燃空区": 2, "切割机": 2, "伺服系统": 2}