{"自动化": 95, "机器人": 46, "智能化": 36, "控制系统": 30, "信息化": 16, "不锈钢": 14, "新能源": 10, "产业化": 9, "发动机": 9, "全自动": 8, "热处理": 8, "软件开发": 7, "无人机": 7, "实验室": 6, "自动控制": 6, "粗糙度": 6, "数控机床": 6, "数控系统": 6, "plc": 6, "传感器": 6, "生产工艺": 6, "竞争力": 6, "控制器": 6, "mes": 5, "连接器": 5, "工艺技术": 5, "工艺流程": 5, "数字化": 5, "制造业": 5, "模具设计": 5, "mpa": 5, "产品开发": 5, "技术开发": 5, "减速机": 5, "管理系统": 5, "成熟度": 5, "结构设计": 5, "图像识别": 4, "机械手": 4, "技术水平": 4, "agv": 4, "自动识别": 4, "半自动": 4, "工程师": 4, "工程机械": 4, "万向节": 4, "仿真技术": 4, "机械化": 4, "轻量化": 4, "国产化": 4, "柱塞泵": 4, "轨道交通": 4, "直流电机": 4, "流水线": 4, "折弯机": 4, "生命周期": 4, "互联网": 4, "软硬件": 4, "变压器": 4, "变速箱": 4, "软件系统": 4, "金属家具": 3, "智能家居": 3, "隧道窑": 3, "核心技术": 3, "产品成本": 3, "节能降耗": 3, "技术改造": 3, "热效率": 3, "精密机械": 3, "航空航天": 3, "乘用车": 3, "类产品": 3, "高新技术": 3, "电线电缆": 3, "集成化": 3, "小型化": 3, "人工智能": 3, "cae": 3, "摩托车": 3, "光学材料": 3, "工业化生产": 3, "直流电": 3, "开关柜": 3, "软件技术": 3, "领先水平": 3, "rpm": 3, "多元化": 3, "处理工艺": 3, "高效率": 3, "钢结构": 3, "电磁阀": 3, "移动式": 3, "环保型": 3, "混凝土": 3, "技术储备": 3, "装配式": 3, "主机厂": 3, "新工艺": 3, "探测器": 3, "电气控制": 3, "污水处理": 3, "降低成本": 3, "机械加工": 3, "汽车行业": 3, "批量生产": 3, "控制技术": 3, "经济指标": 3, "精密度": 2, "脂质体": 2, "合金材料": 2, "科技含量": 2, "抗腐蚀": 2, "腐蚀性": 2, "解决目前": 2, "瓦楞纸箱": 2, "中药经典名方": 2, "散物质基准": 2, "制剂药学": 2, "药物仿制药药学研究": 2, "增亮膜生产技术": 2, "kw涡旋机开发": 2, "化学药品": 2, "抗病毒": 2, "尖晶石": 2, "外加剂": 2, "电阻值": 2, "能源行业": 2, "安费诺": 2, "ccd": 2, "压力机": 2, "良品率": 2, "迫切需要": 2, "图形文件": 2, "dxf": 2, "流浆箱": 2, "卫生纸": 2, "国家标准": 2, "柴油机": 2, "信息技术": 2, "可视化": 2, "机械设计": 2, "智能型": 2, "应用软件": 2, "吹塑机": 2, "自动打磨技术": 2, "铸件浇注": 2, "油烟机": 2, "pvc": 2, "缝纫线": 2, "开发阶段": 2, "液压技术": 2, "技术培训": 2, "散热器": 2, "技术咨询": 2, "发展趋势": 2, "磨齿机": 2, "广泛应用": 2, "技术设备": 2, "编码器": 2, "abs": 2, "产品设计": 2, "汽车座椅": 2, "聚四氟乙烯": 2, "聚酰亚胺": 2, "软包装": 2, "驾驶室": 2, "氢氟酸": 2, "生产废水": 2, "处理器": 2, "输送机": 2, "动态分析": 2, "长距离": 2, "热水器": 2, "分公司": 2, "项目管理": 2, "望而却步": 2, "专业人才": 2, "发达国家": 2, "联合开发": 2, "无人化": 2, "国家电网": 2, "捕线器": 2, "医疗设备": 2, "稳定杆": 2, "混合器": 2, "国际标准": 2, "突破性": 2, "高压泵": 2, "液相色谱仪": 2, "大批量生产": 2, "多样性": 2, "波纹管": 2, "添加剂": 2, "挥发性": 2, "有机物": 2, "bldc": 2, "自动线": 2, "技术升级": 2, "食品级": 2, "纳米技术": 2, "内六角": 2, "人工成本": 2, "切断机": 2, "内窥镜": 2, "仪器设备": 2, "可能性": 2, "轴承单元相关": 2, "后坐力": 2, "uuv": 2, "半自动化": 2, "利用设备": 2, "最大化": 2, "迫在眉睫": 2, "卷板机": 2, "破碎机": 2, "综合性": 2, "加工机": 2, "生物质能": 2, "矿用输送机械": 2, "停车库": 2, "沥青路面": 2, "上海交通大学": 2, "滚刷式": 2, "虚拟现实": 2, "保障性": 2, "资金投入": 2, "bim": 2, "发动机盖": 2, "钣金件": 2, "镁合金": 2, "rattle": 2, "数控车床": 2, "微电机": 2, "电动车": 2, "灵敏度": 2, "复合膜": 2, "剥离强度": 2, "功能化": 2, "食品包装": 2, "安全线": 2, "流动资金": 2, "可控硅": 2, "侧重于": 2, "模具改造": 2, "电催化": 2, "伺服系统": 2, "耐磨性": 2, "升降机": 2, "建筑用": 2, "氮化物": 2, "硫化物": 2, "焦炉煤气": 2, "加工技术": 2, "换向器": 2, "包装袋": 2, "加工成本": 2, "成型机": 2, "机械式": 2, "性价比": 2, "船舶设计": 2, "预警系统": 2, "限位器": 2, "自动机": 2, "usb3": 2, "产品升级": 2, "bosch": 2, "食品机械": 2, "冷却器": 2, "烫金机": 2, "天然气": 2, "注射器": 2, "奥氏体": 2, "密封材料": 2, "新一代": 2, "超高速": 2, "曳引机": 2, "劳动力": 2, "电动工具": 2, "测量机": 2, "黑色金属": 2, "主减速": 2, "工艺设计高端智能装备": 2, "集装箱": 2, "插秧机": 2, "spc": 2, "滤波器": 2, "发生器": 2, "apf": 2, "svg": 2, "远红外": 2, "高精密": 2, "无噪音": 2, "epc": 2, "专用机": 2, "多用途": 2, "灌装机": 2, "集成度": 2, "新型材料": 2, "跑步机": 2, "数据格式": 2, "自动车": 2, "加热器": 2, "纺纱机": 2, "电气系统": 2, "led": 2, "高压电源": 2, "ocv": 2}