{"自动化": 30, "互联网": 21, "机器人": 17, "传感器": 17, "智能化": 15, "app": 14, "软件开发": 13, "管理系统": 12, "控制系统": 9, "产业化": 8, "人工智能": 8, "服务器": 8, "led": 7, "锂离子": 7, "综合性": 7, "数据库": 7, "技术开发": 6, "小家电": 6, "人脸识别": 6, "低功耗": 5, "gps": 5, "不锈钢": 5, "控制器": 5, "信息化": 5, "服务平台": 5, "gsm": 5, "数据结构": 4, "分布式": 4, "搜索引擎": 4, "连接器": 4, "ghz": 4, "批量生产": 4, "摄像头": 4, "mah": 4, "集成型": 4, "流量计": 4, "智能手机": 4, "全自动": 4, "开发技术": 4, "节能灯": 4, "电子元件": 4, "新鲜度": 4, "机械加工": 3, "提供数据": 3, "多用户": 3, "市场营销": 3, "数字化": 3, "绝缘子": 3, "开发新": 3, "软硬件": 3, "pon": 3, "元器件": 3, "电动汽车": 3, "电池容量": 3, "制造执行系统": 3, "mes": 3, "数据处理": 3, "电磁干扰": 3, "环境恶劣": 3, "互感器": 3, "控制软件": 3, "结构设计": 3, "发展趋势": 3, "配电室": 3, "铁氧体": 3, "电气系统": 3, "电解液": 3, "显示屏": 3, "线路板": 3, "满足要求": 3, "信号处理": 3, "数字信号": 3, "机顶盒": 3, "ecu": 3, "erp": 3, "自动检测": 3, "视频流": 3, "软件系统": 3, "低损耗": 3, "电子信息": 3, "系统软件": 3, "到时候": 3, "技术咨询": 3, "扬声器": 2, "放大器": 2, "国家标准": 2, "加工过程": 2, "数控机床": 2, "数据文件": 2, "itsm": 2, "项目管理": 2, "基础教育": 2, "k12": 2, "终端用户": 2, "商品名称": 2, "网络科技": 2, "mimo": 2, "频率段": 2, "产业结构": 2, "异构化": 2, "生命周期": 2, "高质量": 2, "数据源": 2, "接触网": 2, "电气化铁路": 2, "ntsc": 2, "fpga": 2, "网格化": 2, "ios": 2, "运营商": 2, "小型化": 2, "现阶段": 2, "安徽省": 2, "科技股份": 2, "绝缘层": 2, "abs": 2, "导电性": 2, "mpa": 2, "中间层": 2, "高容量": 2, "电性能": 2, "蓄电池": 2, "t31485": 2, "t31486": 2, "高新科技": 2, "无线通讯": 2, "定位系统": 2, "传输技术": 2, "rs485": 2, "smt": 2, "pcb": 2, "电子产品": 2, "触摸屏": 2, "数控系统": 2, "加热器": 2, "耐磨性": 2, "电路设计": 2, "毫米波": 2, "igt": 2, "bvceo": 2, "bvebo": 2, "ccd": 2, "准确性": 2, "现代化": 2, "计算机技术": 2, "使运维": 2, "天然气": 2, "腐蚀性": 2, "色谱分析": 2, "太阳能": 2, "广泛应用": 2, "新能源": 2, "切割机": 2, "等离子": 2, "直流电": 2, "手机电池": 2, "摄氏度": 2, "变压器": 2, "发生变化": 2, "工程师": 2, "电容器": 2, "人工成本": 2, "控系统": 2, "简便易行": 2, "大面积": 2, "分散式": 2, "处理工艺": 2, "污水处理": 2, "onu": 2, "web": 2, "园林绿化": 2, "工程施工": 2, "体育场地": 2, "公路工程": 2, "土石方": 2, "场地设施": 2, "房屋建筑": 2, "高功率": 2, "linux": 2, "嵌入式": 2, "gprs": 2, "电池板": 2, "结合力": 2, "立体车库": 2, "电子式": 2, "无线连接": 2, "集成化": 2, "塑料模": 2, "用户界面": 2, "发明专利": 2, "solidworks": 2, "软件技术": 2, "lds": 2, "系统集成": 2, "硅酸盐": 2, "高分子": 2, "plu": 2, "相结合": 2, "物理学": 2, "应用化学": 2, "逻辑关系": 2, "神经网络": 2, "机械手": 2, "分辨率": 2, "自动识别": 2, "保险丝": 2, "数据交换": 2, "软件产品": 2, "图像处理": 2, "识别率": 2, "准确度": 2, "新工艺": 2, "工作站": 2, "表面温度": 2, "生产厂家": 2, "监测数据": 2, "音视频": 2, "功能模块": 2, "j2ee": 2, "天气预报": 2, "sic": 2, "mosfet": 2, "igbt": 2, "逆变器": 2, "显示器": 2, "反射率": 2, "食品安全": 2, "系统维护": 2, "系统优化": 2, "摄像机": 2, "管理水平": 2, "单片机": 2, "类产品": 2, "导航仪": 2, "dpd": 2, "专利技术": 2, "扫描器": 2, "数字证书": 2, "停车位": 2, "操作者": 2, "计算机系统": 2, "农田水利": 2, "应变计": 2, "半导体": 2, "p2p": 2, "输送泵": 2, "工艺品": 2, "网络设备": 2, "行天下": 2, "数据分析": 2, "安全类": 2}