{"自动化": 19, "深加工": 19, "新品种": 18, "栽培技术": 15, "病虫害": 13, "保质期": 11, "马铃薯": 11, "智能化": 10, "生产工艺": 10, "有机肥": 10, "农产品": 9, "微生物": 9, "无公害": 8, "产品开发": 6, "肉制品": 6, "产业化": 5, "除草剂": 5, "生物学": 5, "使用量": 5, "淡水鱼": 5, "中药材": 5, "化学农药": 5, "加工过程": 5, "开发技术": 4, "大别山": 4, "生物防治": 4, "新工艺": 4, "维生素": 4, "营养价值": 4, "副产品": 4, "针对性": 4, "规范化": 4, "管理系统": 4, "机械化": 4, "西甜瓜": 4, "产业链": 4, "合作社": 4, "甜叶菊": 4, "绿色食品": 3, "添加剂": 3, "农作物": 3, "挥发油": 3, "规模化": 3, "提取物": 3, "免疫力": 3, "日益严重": 3, "解决目前": 3, "种植区": 3, "生防型": 3, "关键性": 3, "营养物质": 3, "周期长": 3, "蛋白质": 3, "营养成分": 3, "氨基酸": 3, "农业大学": 3, "近几年来": 3, "竞争力": 3, "均匀度": 3, "黄酮类": 3, "小包装": 3, "线虫病": 3, "生长发育": 3, "市场前景": 3, "配套技术": 3, "无害化": 3, "养殖场": 3, "浙贝母": 2, "提取液": 2, "重金属": 2, "国家标准": 2, "科研单位": 2, "技术开发": 2, "防腐剂": 2, "保鲜库": 2, "有机质": 2, "土壤改良": 2, "根腐病": 2, "黑山羊": 2, "病毒性": 2, "可能性": 2, "资源化": 2, "大面积": 2, "鱼饲料": 2, "咸鸭蛋": 2, "乌龙茶": 2, "白藜芦醇": 2, "食品安全": 2, "有机磷": 2, "符合国家": 2, "发明专利": 2, "废弃物": 2, "不断扩大": 2, "小气候": 2, "技术手段": 2, "常温下": 2, "引进技术": 2, "工厂化": 2, "有效成分": 2, "价格竞争": 2, "过氧化": 2, "固定资产": 2, "反季节": 2, "黄大茶": 2, "实验室": 2, "蒲公英": 2, "疾病防治": 2, "蛋制品": 2, "地瓜干": 2, "控制技术": 2, "特效药": 2, "百香果": 2, "保护环境": 2, "机械设备": 2, "发酵酒": 2, "乳酸菌": 2, "益生菌": 2, "作用力": 2, "肌纤维": 2, "熏蒸剂": 2, "适应力": 2, "生物肥料": 2, "批量生产": 2, "化合物": 2, "核心部件": 2, "人为因素": 2, "显著特点": 2, "无污染": 2, "现代化": 2, "工艺流程": 2, "胡守兴": 2, "哈密瓜": 2, "新疆维吾尔自治区": 2, "发生变化": 2, "本年度": 2, "滕之武": 2, "农业产业": 2, "外植体": 2, "培养基": 2, "生态环境": 2, "盐渍化": 2, "种植业": 2, "病虫草害": 2, "操作规程": 2, "优良品种": 2, "信息化": 2, "花芽分化": 2, "经济收益": 2, "省力化": 2, "复种指数": 2, "金湖县": 2, "专业人才": 2, "普遍存在": 2, "集约化": 2, "现代农业": 2, "产业园": 2, "物联园": 2, "农副产品": 2, "保护地": 2, "微量元素": 2, "技术改造": 2, "物理化学": 2, "系统控制": 2, "有机物": 2, "添置桑树伐条机": 2, "纤维寡糖项目研发": 2, "老字号": 2, "太行山区": 2, "联合开发": 2, "百合花": 2, "性障碍": 2, "猕猴桃": 2, "抵抗力": 2, "阿魏酸": 2, "畜牧业": 2, "水产品": 2, "催化剂": 2, "生物农药": 2, "漆包线": 2, "山药饮料": 2, "黑木耳": 2}