{"中间体": 16, "生产工艺": 15, "医疗器械": 14, "原料药": 11, "添加剂": 7, "保健食品": 7, "中药材": 7, "维生素": 7, "中药饮片": 7, "产业化": 7, "保健品": 6, "新工艺": 5, "化合物": 5, "抗生素": 5, "异构体": 5, "性药物": 5, "药效学": 5, "转氨酶": 4, "类产品": 4, "开发技术": 4, "工业化": 4, "微量元素": 4, "拷贝数": 4, "massarray": 4, "有效性": 4, "脂质体": 4, "宠物食品": 4, "输液器": 4, "黄石市": 3, "自动化": 3, "黄体酮": 3, "质量标准": 3, "发酵法": 3, "工艺技术": 3, "氨基酸": 3, "甘草酸": 3, "毒理学": 3, "提取物": 3, "生物医药": 3, "批量生产": 3, "微生物": 3, "工业化生产": 3, "子公司": 3, "梅花鹿": 3, "叶绿素": 3, "产品开发": 3, "聚苯乙烯": 3, "高新技术": 3, "临床试验": 3, "竞争力": 3, "粉末冶金": 3, "化学品": 3, "牛磺酸": 2, "颗粒剂": 2, "大肠杆菌": 2, "性能参数": 2, "大别山": 2, "产业园": 2, "深加工": 2, "白藜芦醇": 2, "规范化": 2, "金银花": 2, "纯净水": 2, "国产化": 2, "临床实验": 2, "监护仪": 2, "预处理": 2, "现代化": 2, "干细胞": 2, "免疫性": 2, "抗菌药": 2, "技术开发": 2, "化学法": 2, "螯合物": 2, "微型化": 2, "心脏起搏器": 2, "生物农药": 2, "农作物": 2, "玉米芯": 2, "市场前景": 2, "强化剂": 2, "甲壳素": 2, "性疾病": 2, "老年人": 2, "疾病诊断": 2, "cyp2d6": 2, "分析方法": 2, "注意力": 2, "集中力": 2, "补充剂": 2, "elsd": 2, "分子式": 2, "非常少": 2, "丝氨酸": 2, "挥发油": 2, "杭白菊": 2, "催化剂": 2, "需求量": 2, "防护用品": 2, "鉴别方法": 2, "食品药品": 2, "gaba": 2, "科技类": 2, "咨询服务": 2, "比较复杂": 2, "有机溶剂": 2, "广泛应用": 2, "技术咨询": 2, "郑州大学": 2, "湖北省": 2, "抑制剂": 2, "质子泵": 2, "控制技术": 2, "联合开发": 2, "索非布": 2, "污水排放": 2, "瑞舒伐": 2, "产品抑菌性能": 2, "抑菌性能": 2, "矿物质": 2, "国外市场": 2, "营养成分": 2, "q10": 2, "研究成果": 2, "vb12": 2, "药理学": 2, "保护膜": 2, "研制开发": 2, "原辅料": 2, "葡萄糖": 2, "人工关节": 2, "美拉汀": 2, "商业化": 2, "hrm3422": 2, "生理盐水": 2, "庆大霉素": 2, "滴眼液": 2, "双氯芬": 2, "刺激性": 2, "耐水性": 2, "muf": 2, "展不开": 2, "高韧性": 2, "吸附剂": 2, "气溶胶": 2, "营养元素": 2, "营养品": 2, "宠物用品": 2, "有限责任": 2, "erp": 2, "污水处理": 2, "酸牛奶": 2}