{"机器人": 24, "智能化": 19, "自动化": 19, "传感器": 16, "发动机": 16, "变压器": 11, "led": 9, "控制系统": 8, "mpa": 8, "管理系统": 7, "控制器": 6, "电动汽车": 6, "plc": 5, "新能源": 5, "发电机": 5, "电动机": 4, "密集柜": 4, "人机界面": 4, "故障诊断": 4, "变电站": 4, "体积小": 4, "断路器": 4, "连接器": 4, "软启动": 4, "蓄电池": 4, "压缩空气": 4, "ppm": 4, "大功率": 4, "产品开发": 3, "手电筒": 3, "电磁阀": 3, "变速箱": 3, "功能强大": 3, "集中管理": 3, "通信协议": 3, "发明专利": 3, "柴油机": 3, "大批量生产": 3, "起重机": 3, "集装箱": 3, "保护器": 3, "无人机": 3, "重量轻": 3, "传动轴": 3, "成熟度": 3, "试验室": 3, "剥离强度": 3, "plusmn": 3, "人机交互": 3, "钢结构": 3, "锂离子": 3, "定位系统": 3, "管理软件": 3, "有限元": 3, "二恶英": 3, "垃圾焚烧": 3, "碳纤维": 2, "连接件": 2, "使用者": 2, "相配合": 2, "自动控制": 2, "usb": 2, "电源线": 2, "减震器": 2, "红外线": 2, "密集架": 2, "工作台": 2, "全双工": 2, "rs485": 2, "可视化": 2, "联网络": 2, "定位精度": 2, "防倾翻": 2, "柴油发动机": 2, "安全监控": 2, "数字化": 2, "配电室": 2, "服务器": 2, "识别系统": 2, "静脉曲张": 2, "罐下料": 2, "密封材料": 2, "家具智能智造": 2, "压缩机": 2, "真空泵": 2, "新车型": 2, "功率因数": 2, "驾驶员": 2, "安全隐患": 2, "输送机": 2, "长距离": 2, "停车设备智能充电": 2, "bms": 2, "pack": 2, "温度场": 2, "vcu": 2, "污水处理": 2, "开关柜": 2, "安全可靠": 2, "一体式": 2, "含油量": 2, "系统优化": 2, "流量计": 2, "继电器": 2, "cpp": 2, "真空镀膜": 2, "zzt": 2, "流程图": 2, "工作温度": 2, "人工智能": 2, "批量生产": 2, "年销售额": 2, "指挥系统": 2, "全自动": 2, "agv": 2, "er系统响应滞后": 2, "移动机器人": 2, "建材机械": 2, "千斤顶": 2, "螺旋式": 2, "离合器": 2, "精细化": 2, "婴儿车": 2, "复合膜": 2, "耐腐蚀": 2, "agm": 2, "酸蓄电池": 2, "efb": 2, "配电网": 2, "避雷器": 2, "lng": 2, "柱塞泵": 2, "rpm": 2, "升降机": 2, "空气动力设计": 2, "遥控装置": 2, "锅底高温含杂质": 2, "环网柜": 2, "互感器": 2, "过电压": 2, "周转箱": 2, "补偿器": 2, "汽车尾气": 2, "冷却器": 2, "后处理": 2, "高效率": 2, "冷启动": 2, "加热器": 2, "工程机械": 2, "多样化": 2, "减振器": 2, "功率密度": 2, "操作系统": 2, "嵌入式": 2, "sem": 2, "温度保护": 2, "路由器": 2, "车载式": 2, "逆变器": 2, "分级管理": 2, "app": 2, "采集器": 2, "gps": 2, "技术咨询": 2, "数据分析系统": 2, "定位仪": 2, "电熨斗": 2, "市面上": 2, "发生变化": 2, "信息化": 2, "mmc": 2, "arm": 2, "充电器": 2, "转换率": 2, "超高速": 2, "垃圾桶": 2}