{"自动化": 4, "传感器": 4, "智能化": 4, "软件开发": 4, "app": 4, "开发技术": 4, "控制系统": 3, "mes": 3, "人工智能": 3, "电子商务": 3, "应用软件": 3, "专利技术": 3, "技术咨询": 3, "互联网": 3, "直升机": 2, "无人机": 2, "cut": 2, "不易控制": 2, "数据分析": 2, "退火炉": 2, "led": 2, "磁导率": 2, "抗干扰": 2, "单芯片": 2, "逆变器": 2, "asic": 2, "信号灯": 2, "linux": 2, "嵌入式": 2, "软硬件": 2, "打印机": 2, "计算程序": 2, "过滤器": 2, "照明灯": 2, "客户端": 2, "半导体": 2, "服务平台": 2, "电容器": 2, "电感器": 2, "危险品": 2, "极祥德": 2, "手机游戏": 2, "精密仪器": 2, "城商行": 2, "农信社": 2, "crm": 2}