{"高分子": 3, "建筑施工": 3, "锂电池": 3, "不锈钢": 3, "导电性": 2, "ptc": 2, "记忆性": 2, "耐热性": 2, "废水处理": 2, "降低成本": 2, "专用电缆技术": 2, "军品雷达": 2, "添加剂": 2, "异辛烷": 2, "混凝土": 2, "技术应用": 2, "管理系统": 2, "软件开发": 2, "vocs": 2, "低浓度": 2, "自动化": 2, "官能团": 2, "环保型": 2, "光热发电技术": 2, "材料工程": 2, "oled": 2, "led": 2, "控制技术": 2, "材料锻造技术": 2, "材料力学": 2, "材料检测技术": 2, "颠覆性": 2, "高科技": 2, "绝缘材料": 2, "高纯硝酸": 2, "技术咨询": 2, "醋酸纤维": 2}