{"新工艺": 11, "产业化": 11, "废弃物": 9, "pvc": 8, "自动化": 8, "抗压强度": 6, "碳纤维": 6, "抗老化": 6, "新能源": 6, "太阳能": 6, "铜合金": 5, "天然气": 5, "高分子": 5, "活性炭": 5, "资源化": 5, "led": 5, "金属材料": 4, "腐蚀性": 4, "摄氏度": 4, "lfp": 4, "复合材料": 4, "生产工艺": 4, "国家标准": 4, "混凝土": 4, "催化剂": 4, "开发技术": 4, "co50": 4, "co40": 4, "加热炉": 4, "co20": 4, "环境温度": 4, "分子量": 4, "酸蓄电池": 4, "终端设备": 4, "显示屏": 4, "技术咨询": 4, "不锈钢": 4, "绝缘材料": 4, "加工过程": 3, "mpa": 3, "橡胶材料": 3, "热处理": 3, "耐磨性": 3, "生物降解": 3, "耐久性": 3, "磁导率": 3, "电线电缆": 3, "tpe": 3, "活性剂": 3, "数据分析": 3, "无害化": 3, "表面积": 3, "实验室": 3, "批量生产": 3, "环保型": 3, "线路板": 2, "介电常数": 2, "摩擦系数": 2, "硅橡胶": 2, "高压电": 2, "耐水性": 2, "背火面无": 2, "冻融循环": 2, "力学性能": 2, "双螺杆": 2, "细粒度": 2, "技术改造": 2, "tpu": 2, "无溶剂": 2, "后处理": 2, "发动机": 2, "特种橡胶": 2, "丁二烯": 2, "丁腈橡胶": 2, "苯乙烯": 2, "环氧丙烷": 2, "双氧水": 2, "传统工艺": 2, "甲氧基": 2, "二甲醚": 2, "光电子": 2, "元器件": 2, "雪尼尔": 2, "fep": 2, "亲水性": 2, "螺杆泵": 2, "平面设计": 2, "工艺技术": 2, "接触器": 2, "二氧化碳": 2, "焦化厂": 2, "rpc": 2, "水产品": 2, "白炭黑": 2, "玻璃纤维": 2, "准确性": 2, "充分保证": 2, "计算机技术": 2, "合成橡胶": 2, "环卫车辆": 2, "热稳定性": 2, "复合板": 2, "塑料制品": 2, "玻璃制品": 2, "开发纱线": 2, "变频器": 2, "杆织机": 2, "氨基树脂": 2, "jgj52": 2, "经济指标": 2, "热水器": 2, "被雷击": 2, "排气管": 2, "产品开发": 2, "价格低": 2, "符合国家": 2, "lp3b": 2, "nbr": 2, "耐低温": 2, "耐火材料": 2, "电路板": 2, "光伏支架跟踪技术研究": 2, "木材优化处理技术": 2, "海绵城市": 2, "产品研发": 2, "电化学": 2, "生产实践": 2, "钢帘线": 2, "智能化": 2, "贵金属": 2, "钕铁硼": 2, "铁氧体": 2, "技术含量": 2, "重量轻": 2, "耐压性": 2, "新型材料": 2, "人才需求": 2, "熔断器": 2, "良品率": 2, "偏光片": 2, "pla": 2, "陶瓷砖": 2, "氏硬度": 2, "高阻隔": 2, "塑料瓶": 2, "耐老化": 2, "隔热膜": 2, "氮化硼": 2, "三氟化硼": 2, "碳化硼": 2, "二硼化锆": 2, "机械加工": 2, "硫化氢": 2, "x60qs": 2, "ncm": 2, "折射率": 2, "铁合金": 2, "陶瓷材料": 2, "类产品": 2, "机器人": 2, "退火炉": 2, "紫外线": 2, "光学玻璃": 2, "沥青路面": 2, "环氧树脂": 2, "photodiode": 2, "chip": 2, "gaas": 2, "测试报告": 2, "方案设计": 2, "pcs": 2, "ingaas": 2, "双金属": 2, "金属钙": 2, "外加剂": 2, "氧化物": 2, "资金投入": 2, "屏蔽门": 2, "核电厂": 2, "汽车行业": 2, "氧化铝": 2, "耐蚀性": 2, "有色金属": 2, "雪弗特": 2, "钢丝绳": 2, "接触网": 2, "高速铁路": 2, "二氧化硅": 2}