{"管理系统": 37, "led": 28, "控制系统": 22, "传感器": 20, "app": 19, "自动化": 18, "智能化": 18, "互联网": 15, "软件开发": 13, "erp": 13, "信息化": 12, "软件系统": 12, "技术开发": 10, "数据库": 10, "产品开发": 10, "人工智能": 9, "产业化": 9, "铁氧体": 9, "控制技术": 7, "集成电路": 7, "服务器": 7, "数字化": 7, "数据分析": 7, "rfid": 7, "fpga": 6, "bim": 6, "显示屏": 6, "批量生产": 6, "互感器": 6, "线路板": 6, "gis": 5, "工艺技术": 5, "电容器": 5, "网络通讯": 5, "gan": 5, "连接器": 5, "系统软件": 5, "故障诊断": 5, "软硬件": 5, "方案设计": 5, "单片机": 5, "处理器": 5, "专业化": 4, "长时间": 4, "性价比": 4, "开关柜": 4, "母线槽": 4, "小型化": 4, "预警系统": 4, "精确定位": 4, "规模化": 4, "机器人": 4, "pcb": 4, "远距离": 4, "mhz": 4, "摄像头": 4, "数据传输": 4, "嵌入式": 4, "无人机": 4, "无刷电机": 4, "集成系统": 4, "体积小": 4, "触摸屏": 4, "自动检测": 4, "变压器": 4, "生产工艺": 4, "mes": 4, "自动识别": 4, "技术水平": 4, "全自动": 4, "x射线": 4, "技术手段": 4, "自动控制": 4, "放大器": 4, "ethercat": 4, "api": 4, "经销商": 4, "保险柜": 4, "数据交换": 4, "特种设备": 4, "人脸识别": 4, "程序开发": 3, "客户端": 3, "不利于": 3, "多通道": 3, "耐腐蚀性": 3, "cad": 3, "高质量": 3, "低电压": 3, "无线网络": 3, "传输技术": 3, "医疗器械": 3, "数据通讯": 3, "安全可靠": 3, "安全隐患": 3, "rohs": 3, "esd": 3, "emi": 3, "lr4": 3, "软件技术": 3, "伺服电机": 3, "信息技术": 3, "iot": 3, "系统集成": 3, "轻量化": 3, "低功耗": 3, "大功率": 3, "应用领域": 3, "技术升级": 3, "pid": 3, "linux": 3, "操作系统": 3, "可视化": 3, "半导体": 3, "大大提高": 3, "重量轻": 3, "技术改造": 3, "研制开发": 3, "dsp": 3, "生物医学": 3, "信息系统": 3, "电子商务": 3, "精确度": 3, "高低压": 3, "新能源": 3, "android": 3, "互联互通": 3, "信息处理": 3, "信息管理": 3, "结构设计": 3, "网络化": 3, "准确性": 3, "深入研究": 3, "竞争力": 3, "网络通信": 3, "终端设备": 3, "电子器件": 3, "c++": 3, "wifi": 3, "信号处理": 3, "芯片尺寸": 3, "产品成本": 3, "注塑机": 3, "电能表": 3, "可扩展性": 3, "ios": 3, "tcp": 3, "arm": 3, "二维码": 3, "逆变器": 3, "业务流程": 3, "开发技术": 3, "开发新": 3, "khz": 3, "工艺流程": 3, "资源管理": 2, "dac38rf82": 2, "电路板": 2, "q235b": 2, "力学性能": 2, "处理工艺": 2, "抗腐蚀": 2, "辅助材料": 2, "内部结构": 2, "管理模式": 2, "变流器": 2, "消防栓": 2, "数据处理": 2, "工程化": 2, "mis": 2, "管理决策": 2, "internet": 2, "ais": 2, "bds": 2, "网络安全": 2, "互联网络": 2, "未找到": 2, "自动理线": 2, "实用性": 2, "qsfp": 2, "ieee": 2, "相结合": 2, "千变万化": 2, "新一代": 2, "运营商": 2, "低噪声": 2, "服务平台": 2, "提供数据": 2, "太阳能": 2, "光纤通信": 2, "cfd": 2, "结构化": 2, "真空度": 2, "不锈钢": 2, "监视系统": 2, "aess": 2, "技术难度": 2, "流量计": 2, "超声波": 2, "hnr": 2, "发明专利": 2, "反射层": 2, "vivo": 2, "心血管": 2, "生产厂家": 2, "清晰度": 2, "广泛应用": 2, "识别区": 2, "以太网": 2, "符合国家": 2, "国家标准": 2, "t21361": 2, "实验室": 2, "机械手": 2, "兼容性": 2, "多样化": 2, "电源线": 2, "手工操作": 2, "实用新型": 2, "飞速发展": 2, "功率密度": 2, "控制电路": 2, "分布式": 2, "公共安全": 2, "各种因素": 2, "离不开": 2, "产品设计": 2, "生命周期": 2, "继电器": 2, "针对性": 2, "工作频率": 2, "数据共享": 2, "原始数据": 2, "cob": 2, "管理人员": 2, "扬声器": 2, "电话机": 2, "pbx": 2, "广播网": 2, "pstn": 2, "相适应": 2, "ngc": 2, "误报率": 2, "噪音控制": 2, "发电机组": 2, "天燃气": 2, "选择性": 2, "lab": 2, "view": 2, "地下水": 2, "电子产品": 2, "直流电机": 2, "压缩机": 2, "openstack": 2, "防氧化": 2, "手术室": 2, "bipv": 2, "测量仪": 2, "收银台": 2, "换向器": 2, "电子衡器": 2, "ppt": 2, "工程塑料": 2, "散热器": 2, "测硫仪": 2, "光谱法": 2, "硫含量": 2, "能量色散": 2, "usb": 2, "下降时": 2, "ppm": 2, "自动增益": 2, "光通信": 2, "荧光灯": 2, "合金丝": 2, "电解槽": 2, "预付费": 2, "面向对象": 2, "稳定杆": 2, "项目经理": 2, "导光板": 2, "模具设计": 2, "行业标准": 2, "电光源": 2, "摩托车": 2, "孵化器": 2, "技术含量": 2, "大幅提高": 2, "控制参数": 2, "特殊性": 2, "识别率": 2, "java": 2, "服装行业": 2, "商用化": 2, "系统控制": 2, "饮水机": 2, "存储技术": 2, "创新型": 2, "数据库系统": 2, "开发人员": 2, "tcxo": 2, "元器件": 2, "灵敏度": 2, "下一代": 2, "ics": 2, "驱动器": 2, "base": 2, "开放式": 2, "户外广告": 2, "管理软件": 2, "进销存": 2, "crm": 2, "同质化": 2, "高可靠性": 2, "pda": 2, "扫描枪": 2, "费时费力": 2, "数据服务": 2, "详细描述": 2, "具备条件": 2, "经济指标": 2, "o2o": 2, "对系统": 2, "电子信息": 2, "管理水平": 2, "全过程": 2, "彻底改变": 2, "excel": 2, "系统化": 2, "功能模块": 2, "助听器": 2, "建筑设备": 2, "透射电镜": 2, "公交站点": 2, "ncm811": 2, "智能建筑": 2, "pm2": 2, "工作温度": 2, "工作电压": 2, "商业化": 2, "内外部": 2, "图像识别": 2, "整流器": 2, "多媒体": 2, "教学实验": 2, "直放站": 2, "系统管理": 2, "安全监管": 2, "人才需求": 2, "技术咨询": 2, "通科技": 2, "海易联": 2, "虚拟化": 2, "支付宝": 2, "绝缘材料": 2}