{"深加工": 27, "栽培技术": 11, "新品种": 10, "产业化": 8, "自动化": 8, "保质期": 7, "病虫害": 7, "新工艺": 7, "农产品": 7, "有机肥": 7, "生产工艺": 6, "微量元素": 6, "微生物": 6, "脱水蔬菜": 6, "传统工艺": 5, "大别山": 5, "产品开发": 5, "最大化": 4, "大冶市": 4, "中药材": 4, "大马士革": 4, "维生素": 4, "副产物": 4, "智能化": 4, "近红外": 4, "农作物": 4, "食用菌": 4, "机械设备": 4, "加工厂": 4, "合作社": 3, "蛋白质": 3, "规模化": 3, "孵化率": 3, "保健食品": 3, "豆制品": 3, "保鲜期": 3, "控制技术": 3, "机械化": 3, "科研单位": 3, "矿物质": 3, "抗氧化": 3, "食用油": 3, "淡水鱼": 3, "养殖场": 3, "综合症": 3, "充分利用": 3, "水产品": 3, "无公害": 3, "营养元素": 3, "经济指标": 3, "工厂化": 3, "现代农业": 3, "肉制品": 3, "有效成分": 3, "高效性": 3, "长时间": 2, "复合板": 2, "高效益": 2, "小龙虾": 2, "农科院": 2, "有机溶剂": 2, "竞争力": 2, "技术开发": 2, "环境污染": 2, "微粒子": 2, "病防治": 2, "生物防治": 2, "金银花": 2, "存活率": 2, "长途运输": 2, "豆奶粉": 2, "转化率": 2, "工艺技术": 2, "开发新": 2, "现代化": 2, "推广应用": 2, "添加剂": 2, "面制品": 2, "遗传性": 2, "营养学": 2, "近几年": 2, "统一标准": 2, "外观设计": 2, "冬凌草": 2, "严格控制": 2, "营养成分": 2, "产品安全": 2, "苦涩味": 2, "荒漠化": 2, "虹彩病毒": 2, "专业化": 2, "向日葵": 2, "护肤品": 2, "山茶油": 2, "脂肪酸": 2, "组织培养": 2, "生物质能": 2, "现阶段": 2, "调和油": 2, "太阳能": 2, "大面积": 2, "功能型": 2, "宠物食品": 2, "高科技产品": 2, "白对虾": 2, "产业链": 2, "资源化": 2, "杜鹃花": 2, "技术能手": 2, "优良品种": 2, "死亡率": 2, "发生率": 2, "集约化": 2, "营养价值": 2, "播种机": 2, "领先地位": 2, "市场前景": 2, "苗木花卉": 2, "花卉苗木": 2, "综合性": 2, "山野菜": 2, "类黄酮": 2, "技术装备": 2, "胡萝卜": 2, "高丽菜": 2, "国际标准": 2, "废水处理": 2, "成果鉴定": 2, "小麦粉": 2, "产品库": 2, "发酵饲料": 2, "土壤改良剂": 2, "生产沼液科学循环": 2, "生产基地": 2, "氨基酸": 2, "综合征": 2, "台式机": 2, "准确性": 2, "不合格品": 2, "叶绿素": 2, "细胞器": 2, "内质网": 2, "营养繁殖": 2, "叶绿体": 2, "高尔基体": 2, "线粒体": 2, "盐碱地": 2, "农业机械": 2, "交易平台": 2, "蓝孔雀": 2, "加工过程": 2, "中草药材": 2, "霜霉病": 2, "调节剂": 2, "水产饲料": 2}