{"医疗器械": 9, "生产工艺": 6, "透明质": 6, "专利技术": 6, "dna": 5, "高浓度": 5, "自动化": 4, "产业化": 4, "高分子": 4, "试剂盒": 4, "cfdna": 4, "硫化氢": 4, "保健食品": 4, "原料药": 4, "废水处理": 3, "许可证": 3, "分子量": 3, "中间体": 3, "高新技术": 3, "资源化": 3, "desmp": 2, "乙二醇": 2, "初加工": 2, "电化学": 2, "多倍体": 2, "交联剂": 2, "分散剂": 2, "增稠剂": 2, "聚丙烯": 2, "摄氏度": 2, "吡咯烷酮": 2, "聚乙烯": 2, "酒石酸": 2, "聚维酮": 2, "illumina": 2, "商品化": 2, "贝沙坦": 2, "抑制剂": 2, "tmjoa": 2, "肩关节": 2, "中西医": 2, "常见病": 2, "敏感性": 2, "保健型": 2, "乙酸乙酯": 2, "培养基": 2, "软胶囊": 2, "甜菊糖": 2, "呼吸系统": 2, "心血管": 2, "转氨酶": 2, "聚氨酯": 2, "助听器": 2, "usb": 2, "化合物": 2, "微胶囊": 2, "壳聚糖": 2, "免疫抗体": 2, "机械手": 2, "匹莫苯丹": 2, "利用生物": 2, "赤霉素": 2, "合成中药活性筛选": 2, "生产技术": 2, "增压器": 2, "输液器": 2, "工艺技术": 2, "三乙醇胺": 2}