{"深加工": 19, "新品种": 18, "病虫害": 13, "产业化": 13, "栽培技术": 10, "农产品": 10, "食用菌": 8, "机械化": 6, "山核桃": 6, "甜叶菊": 6, "添加剂": 5, "控制技术": 5, "产业园": 5, "智能化": 4, "自动化": 4, "有机肥": 4, "银杏果": 4, "蛋白质": 4, "盐渍化": 4, "农作物": 4, "稻瘟病": 4, "现代农业": 4, "技术开发": 3, "有机质": 3, "ph值": 3, "生产工艺": 3, "产品开发": 3, "资源化": 3, "化妆品": 3, "硅藻土": 3, "火龙果": 3, "水产品": 3, "保质期": 3, "机器人": 3, "发生率": 3, "大面积": 3, "枯萎病": 3, "施肥量": 3, "有机肥料": 3, "废弃物": 3, "豆天蛾": 3, "建设项目": 3, "生长期": 3, "生物防治": 2, "使用量": 2, "新工艺": 2, "金银花": 2, "茶多酚": 2, "黑山羊": 2, "巧克力": 2, "养殖场": 2, "蒲公英": 2, "充分利用": 2, "微生物": 2, "浓香型": 2, "品牌战略": 2, "小龙虾": 2, "百香果": 2, "一枝花": 2, "马铃薯": 2, "竞争力": 2, "黄色素": 2, "蛋白粉": 2, "现阶段": 2, "规模化": 2, "同类产品": 2, "总产量": 2, "植酸酶": 2, "防腐剂": 2, "速溶性": 2, "元宝枫": 2, "类物质": 2, "国家卫生部": 2, "生物酶": 2, "针对性": 2, "特色产业": 2, "无土栽培": 2, "园艺作物": 2, "江苏省": 2, "淮阴区": 2, "无人机": 2, "猿叶虫": 2, "插秧机": 2, "条矮缩病": 2, "泰州市": 2, "集散中心": 2, "菜篮子": 2, "科技园": 2, "植物油": 2, "生猪肉": 2, "谷氨酰胺": 2, "测定方法": 2, "谷氨酸": 2, "黄曲霉": 2, "挂面碎头深入开发": 2, "糯米粉": 2, "改良剂": 2, "技术革新": 2, "性功能": 2, "新城疫": 2, "凝集素": 2, "发病率": 2, "观赏植物": 2, "哈密地区": 2, "现代化": 2, "分析法": 2, "免疫检测": 2, "抗倒伏": 2, "恢复系": 2, "铁观音": 2, "气溶胶": 2, "灭火剂": 2, "高科技": 2}