{"不锈钢": 23, "自动化": 21, "热处理": 15, "铝合金": 15, "结构件": 10, "机器人": 8, "不锈钢丝": 5, "力学性能": 5, "波纹管": 5, "压力容器": 5, "t47013": 4, "表面质量": 4, "钛合金": 4, "粗糙度": 4, "铝型材": 4, "柱塞泵": 4, "降低成本": 4, "硬质合金": 4, "内应力": 3, "加工过程": 3, "hrc": 3, "框架结构": 3, "定位系统": 3, "轻量化": 3, "焊接设备": 3, "机械加工": 3, "类产品": 3, "铜合金": 3, "难以达到": 3, "奥氏体": 3, "全自动": 3, "锂离子": 2, "天鹅绒": 2, "电气化": 2, "工作量": 2, "mpa": 2, "mm5083": 2, "速度慢": 2, "工程机械": 2, "机械手": 2, "核心技术": 2, "司太立": 2, "铁氧体": 2, "mig": 2, "化学成分": 2, "抗拉强度": 2, "生产率": 2, "封闭式": 2, "镁合金": 2, "超声波": 2, "高碳钢": 2, "工艺技术": 2, "产品开发": 2, "活塞杆": 2, "复合材料": 2, "数字化": 2, "乳化液": 2, "乙二醇": 2, "低粘度": 2, "不锈钢管": 2, "耐腐蚀性": 2, "pla": 2, "金属材料": 2, "模具设计": 2, "高质量": 2, "高效率": 2, "crmo": 2, "f91": 2, "灰铸铁": 2, "含碳量": 2, "发动机": 2, "tofd": 2, "道工序": 2, "s32750": 2, "热塑性": 2, "出现异常": 2, "汽车厂": 2, "保护装置": 2, "金刚石": 2, "圆锯片": 2, "平整度": 2, "碳化物": 2, "pur": 2}