{"生产工艺": 13, "化学品": 11, "催化剂": 10, "工艺技术": 10, "中间体": 8, "添加剂": 8, "稳定剂": 7, "聚氨酯": 6, "新工艺": 6, "异丁烯": 6, "水溶液": 5, "氰尿酸": 4, "重金属": 4, "实验室": 4, "丁基橡胶": 4, "废水处理": 4, "高新技术": 4, "工业化生产": 4, "维生素": 4, "防老剂": 4, "高分子": 4, "氯化钠": 3, "腐蚀性": 3, "竞争力": 3, "领先水平": 3, "处理工艺": 3, "环保型": 3, "化妆品": 3, "化学肥料": 3, "稳定型": 3, "广泛应用": 3, "苯磺酸": 3, "固化剂": 3, "cod": 3, "复合材料": 3, "后处理": 3, "甲基丙烯酸": 3, "环氧氯丙烷": 3, "工程技术": 3, "新能源": 3, "香精香料": 3, "石油焦": 3, "耐候性": 3, "碳化硅": 2, "氮化硅": 2, "防腐剂": 2, "二氧化硫": 2, "碳酸钠": 2, "ppm": 2, "技术开发": 2, "吸附力": 2, "集成化": 2, "工艺流程": 2, "mcp": 2, "特异性": 2, "环境保护": 2, "新戊二醇": 2, "能源消耗": 2, "碳酸钙": 2, "化工品": 2, "青少年": 2, "耐蚀性": 2, "膜技术": 2, "发明专利": 2, "有机物": 2, "自动化": 2, "酸催化": 2, "松节油": 2, "ppc": 2, "墙面砖": 2, "白炭黑": 2, "nmp": 2, "减压蒸馏": 2, "杀虫剂": 2, "消毒剂": 2, "科技股份": 2, "小便斗": 2, "环境污染": 2, "合作方": 2, "控制技术": 2, "pm2": 2, "玻璃纤维": 2, "副反应": 2, "亚硝酸": 2, "亚硝酸钠": 2, "分子结构": 2, "高纯度": 2, "耐腐蚀": 2, "甲胺磷": 2, "还原剂": 2, "反应时间": 2, "密封性": 2, "异氰酸酯": 2, "橡胶制品": 2, "丙烯酸酯": 2, "切削液": 2, "多晶硅": 2, "染色机": 2, "聚烯烃": 2, "聚丙烯": 2, "pet": 2, "阻隔性": 2, "针刺毡": 2, "氧化剂": 2, "回弹力": 2, "抗氧化剂": 2, "加工过程": 2, "胶原蛋白": 2, "社会效益": 2, "推广应用": 2, "工业废水": 2, "抗菌肽": 2, "微生物": 2, "流化床": 2, "生物质": 2, "ppo": 2, "改性沥青": 2, "sbs": 2, "吡蚜酮": 2, "dmf": 2, "不溶物": 2, "现阶段": 2, "硫酸镍": 2, "动力电池": 2, "含皂量": 2, "大豆油": 2, "氧化锆": 2, "防腐材料": 2, "pvb": 2, "促进剂": 2, "和环己胺": 2, "双氧水": 2, "副产物": 2, "聚合物": 2, "分析方法": 2, "二次污染": 2, "乳化油": 2, "稀有气体": 2, "共聚物": 2, "大气污染": 2, "衍生物": 2, "环丁砜": 2, "钢丝绳": 2, "降解塑料": 2, "防护用品": 2, "pvc": 2, "废弃物": 2, "自流平": 2, "无溶剂": 2, "产业化": 2, "聚四氟乙烯": 2, "硅树脂": 2, "共同开发": 2, "阴离子": 2, "分子量": 2, "生产厂家": 2, "冷冻机": 2, "润滑剂": 2, "富勒烯": 2, "应用领域": 2, "同位素": 2, "粉末涂料": 2, "青海省": 2, "氢氧化锂": 2, "碳酸锂": 2, "锂电池": 2, "磷酸酯": 2, "市场前景": 2, "异戊二烯": 2, "清洗剂": 2, "脱模剂": 2, "eva": 2, "环氧树脂": 2}