{"生产工艺": 7, "太阳能": 6, "铝合金": 4, "聚氨酯": 4, "产业化": 4, "软件设计": 4, "管理系统": 4, "电动汽车": 3, "环氧树脂": 3, "复合材料": 3, "降低成本": 3, "bms": 3, "新能源": 3, "腐蚀性": 2, "dotp": 2, "dcs": 2, "控制系统": 2, "抗拉强度": 2, "mpa": 2, "人造草坪": 2, "体育器材": 2, "碳纤维": 2, "钢化玻璃": 2, "纸包装": 2, "鲜明对比": 2, "保证率": 2, "建筑面积": 2, "集热器": 2, "集热联箱": 2, "不锈钢": 2, "打破常规": 2, "反弹力": 2, "米左右": 2, "光固化": 2, "收缩膜": 2, "petg": 2, "建筑用": 2, "保温材料": 2, "遮阳板": 2, "汽车厂": 2, "结构层": 2, "提高产量": 2, "开天窗": 2, "需求量": 2, "费时费力": 2, "离合器": 2, "替代品": 2, "技术改造": 2, "氧化铝": 2, "聚四氟乙烯": 2, "轻量化": 2, "合金材料": 2, "管接头": 2, "刹车油": 2, "催化剂": 2}