{"自动化": 55, "全自动": 17, "控制系统": 17, "控制技术": 15, "热处理": 15, "不锈钢": 14, "铝合金": 14, "生产工艺": 13, "机器人": 13, "产业化": 12, "智能化": 11, "技术开发": 10, "流水线": 9, "产品开发": 8, "机械手": 8, "led": 7, "发动机": 7, "工艺技术": 7, "降低成本": 6, "机械设备": 6, "压缩机": 6, "加工过程": 6, "新工艺": 6, "纺织机械": 6, "控制器": 6, "力学性能": 5, "太阳能": 5, "类产品": 5, "高分子": 5, "pet": 5, "装配式": 4, "保温杯": 4, "自动识别": 4, "抗静电": 4, "手电筒": 4, "汽车空调": 4, "推进器": 4, "成品率": 4, "机械化": 4, "聚乙烯": 4, "现阶段": 4, "人工成本": 4, "编织机": 4, "轻量化": 4, "超细粉": 4, "开发技术": 4, "触摸屏": 4, "工艺流程": 4, "线切割": 4, "粘合力": 4, "工业化": 4, "agv": 4, "滤波器": 4, "信息化": 3, "不利于": 3, "电阻率": 3, "机械式": 3, "使用性能": 3, "无人化": 3, "erp": 3, "软件开发": 3, "折弯机": 3, "有限元": 3, "变频器": 3, "生产流程": 3, "居高不下": 3, "自动控制": 3, "环境恶劣": 3, "耐磨性": 3, "硫化机": 3, "粉末冶金": 3, "领先水平": 3, "钛合金": 3, "节约能源": 3, "自动检测": 3, "铸造件": 3, "粉碎机": 3, "超声波": 3, "高质量": 3, "结构设计": 3, "控制板": 3, "金属材料": 3, "通信协议": 3, "等离子": 3, "聚丙烯": 3, "复合材料": 3, "切片机": 3, "高密度": 3, "钢帘线": 3, "粗糙度": 3, "机械设计": 3, "逆变器": 3, "费时费力": 3, "压力机": 3, "无缝钢管": 3, "燃气轮机": 3, "剪力墙": 2, "污水处理": 2, "研究所": 2, "传统工艺": 2, "热加工": 2, "洗衣机": 2, "排水管": 2, "发电量": 2, "发电机": 2, "机器设备": 2, "包芯纱": 2, "缝纫线": 2, "润滑油": 2, "产品设计": 2, "电动机": 2, "铁氧体": 2, "fb12": 2, "换热器": 2, "板金件": 2, "制造商": 2, "缓冲器": 2, "压铸件": 2, "转向器": 2, "全液压": 2, "工程机械": 2, "密封性": 2, "国产化": 2, "电力系统": 2, "大功率": 2, "主流产品": 2, "节能降耗": 2, "环境温度": 2, "木家具": 2, "切削液": 2, "保温瓶": 2, "高效率": 2, "寿命短": 2, "源代码": 2, "开发人员": 2, "eva": 2, "周期长": 2, "拖拉机": 2, "研究成果": 2, "塑料机械": 2, "系统集成": 2, "数据库": 2, "收纳袋": 2, "mes": 2, "树脂砂": 2, "破碎机": 2, "脱模剂": 2, "高新技术": 2, "制动器": 2, "保护器": 2, "变速箱": 2, "收割机": 2, "技术手段": 2, "技术水平": 2, "选择性": 2, "市面上": 2, "化学成分": 2, "变速器": 2, "amt": 2, "电动车": 2, "lcd": 2, "结构钢": 2, "表面质量": 2, "经济损失": 2, "效率高": 2, "消失模": 2, "抗磨损": 2, "大批量生产": 2, "镁合金": 2, "耐腐蚀": 2, "钛白粉": 2, "电除尘": 2, "纯净度": 2, "需求量": 2, "消防栓": 2, "适用范围": 2, "收获机": 2, "青饲料": 2, "机械波": 2, "磁悬浮": 2, "减震器": 2, "真空泵": 2, "市场化": 2, "液压机": 2, "精密度": 2, "ethercat": 2, "新一代": 2, "智能家居": 2, "嵌入式操作系统": 2, "功能障碍": 2, "治疗仪": 2, "市场调研": 2, "废弃物": 2, "工艺品": 2, "热塑性": 2, "电饭锅": 2, "处理工艺": 2, "压力锅": 2, "电饭煲": 2, "系统硬件产品选型": 2, "特夫龙": 2, "羊绒衫": 2, "交通运输": 2, "易清洗": 2, "轴承座": 2, "dha": 2, "棉纤维": 2, "迫切需要": 2, "分散染料": 2, "ltcc": 2, "ecu": 2, "均匀度": 2, "嵌入式": 2, "甘露醇": 2, "无污染": 2, "环氧树脂": 2, "热分解": 2, "分子量": 2, "抗冲击": 2, "密封材料": 2, "碳化硅": 2, "发射装置": 2, "动力学": 2, "逆变电源": 2, "重量轻": 2, "卷扬机": 2, "精确定位": 2, "有毒废气处理装置": 2, "氟塑料": 2, "分析仪器": 2, "数字化": 2, "电渣焊": 2, "连接点": 2, "对角线": 2, "凡立水": 2, "清洁度": 2, "微量元素": 2, "紫铜管": 2, "商用车": 2, "机械传动": 2, "电催化": 2, "分辨率": 2, "隧道窑": 2, "减速机": 2, "中药药膏": 2, "制作工艺": 2, "参数应用": 2, "气辅吹": 2, "批量生产": 2, "球磨机": 2, "耐火材料": 2, "外形尺寸": 2, "精炼炉": 2, "技术改造": 2, "体积小": 2, "温度控制": 2, "双金属": 2, "集中供热": 2, "复合管": 2, "模切机": 2, "打印机": 2, "焊接设备": 2, "铅合金": 2, "技术升级": 2, "yx3": 2, "实验室": 2, "ink": 2, "塑料制品": 2, "符合要求": 2, "合作方": 2, "碳纤维": 2, "氮化钛": 2, "b35cr": 2, "mpa": 2, "精加工": 2, "定型机": 2, "集装箱": 2, "分布式": 2, "光固化": 2, "大大降低": 2, "燃烧室": 2, "纤维素": 2, "fdm": 2, "探测器": 2, "曳引机": 2, "供电系统": 2, "尤为重要": 2, "专用设备": 2, "电源适配器": 2, "开关柜": 2, "激光器": 2, "双螺杆": 2, "硅橡胶": 2, "变流器": 2, "合金材料": 2, "ptfe": 2, "单芯片": 2, "asic": 2}