{"生产工艺": 14, "催化剂": 11, "资源化": 10, "微生物": 9, "工艺技术": 9, "添加剂": 8, "污染物": 7, "新工艺": 6, "复合材料": 6, "阻垢剂": 6, "环保型": 6, "控制技术": 5, "副产物": 5, "工业化生产": 5, "工业化": 5, "深加工": 5, "聚氨酯": 5, "无污染": 5, "高分子": 5, "丁基橡胶": 5, "不锈钢": 5, "废弃物": 5, "分子量": 5, "硅橡胶": 5, "经编机": 5, "氨基丁酸": 4, "硫酸钠": 4, "浓硫酸": 4, "产业化": 4, "氧化铝": 4, "超声波": 4, "耐腐蚀": 4, "抗腐蚀": 4, "自动化": 4, "二次污染": 4, "白炭黑": 4, "生产厂家": 4, "偶联剂": 4, "抗老化": 4, "高新技术": 4, "硫酸铵": 4, "多元醇": 4, "清洗剂": 4, "锂离子": 4, "广泛应用": 4, "天然纤维": 4, "开发技术": 4, "抗菌肽": 4, "水煤浆": 4, "乳化剂": 4, "选择性": 4, "润滑油": 4, "密封剂": 4, "硫酸铁": 4, "二硫化碳": 3, "工作液": 3, "蛋白质": 3, "节能降耗": 3, "高效率": 3, "净水剂": 3, "智能化": 3, "发酵罐": 3, "规模化": 3, "技术改造": 3, "耐候性": 3, "有机硅": 3, "沉淀法": 3, "成本增加": 3, "磷酸酯": 3, "不锈钢板": 3, "耐磨性": 3, "产业链": 3, "废水处理": 3, "软包装": 3, "危险废物": 3, "有机溶剂": 3, "中间体": 3, "mpa": 3, "转化率": 3, "密封胶": 3, "丙烯酸": 3, "二氧化碳": 3, "天然气": 3, "voc": 3, "实验室": 3, "聚乙烯醇": 3, "无害化": 3, "化妆品": 3, "氰尿酸": 3, "石油焦": 3, "青海省": 3, "助燃剂": 3, "硫酸亚铁": 3, "扬声器": 2, "产品开发": 2, "二甲酯": 2, "增白剂": 2, "牛磺酸": 2, "分析方法": 2, "高技术": 2, "降解塑料": 2, "降低成本": 2, "价格昂贵": 2, "相结合": 2, "不利于": 2, "过氧化": 2, "保质期": 2, "阻燃性": 2, "满负荷": 2, "玻璃制品": 2, "啤酒酵母": 2, "ptfe": 2, "erw": 2, "热处理": 2, "示范应用": 2, "产品技术研发": 2, "精确度": 2, "炉氧料": 2, "排放量": 2, "硅氟酸": 2, "市场前景": 2, "有效成分": 2, "超纤革": 2, "胶粘带": 2, "大大降低": 2, "生产废水": 2, "社会效益": 2, "使用量": 2, "关键步骤": 2, "培养基": 2, "粉煤灰": 2, "可再生": 2, "分散剂": 2, "装饰品": 2, "悬浮物": 2, "反渗透": 2, "新戊二醇": 2, "发酵法": 2, "技术开发": 2, "耐水性": 2, "涤纶纱": 2, "新一代": 2, "聚合物": 2, "试验机": 2, "纺织品": 2, "功能化": 2, "反应器": 2, "符合国家": 2, "淡黄色": 2, "高浓度": 2, "污染源": 2, "结晶法": 2, "生成物": 2, "各有利弊": 2, "有机颜料": 2, "无机盐": 2, "分散性": 2, "碳纤维": 2, "环氧树脂": 2, "脲醛树脂": 2, "聚异丁烯": 2, "换向器": 2, "酚醛塑料": 2, "高韧性": 2, "机械性能": 2, "铝电解": 2, "电容器": 2, "膜结构": 2, "吹塑机": 2, "二氯苯": 2, "聚苯硫醚": 2, "co2": 2, "食用酒精": 2, "紫外线": 2, "市场竞争": 2, "pur": 2, "fdy": 2, "服装品牌": 2, "纸制品": 2, "碳化物": 2, "比较严重": 2, "高精密": 2, "分散染料": 2, "促进剂": 2, "pvdc": 2, "水溶性": 2, "溶菌酶": 2, "mvr": 2, "化工企业": 2, "溶度积": 2, "碳酸钾": 2, "经验值": 2, "ca2": 2, "mg2": 2, "co22": 2, "等离子": 2, "so42": 2, "气化炉": 2, "运输成本": 2, "固化油墨涂料胶黏剂": 2, "有机肥": 2, "预处理": 2, "共同开发": 2, "聚丙烯": 2, "蓝宝石": 2, "原料药": 2, "减量化": 2, "利用效率": 2, "均衡化": 2, "环境保护": 2, "元明粉": 2, "新品种": 2, "聚硅氧烷": 2, "钒酸盐": 2, "cnfs": 2, "大分子": 2, "活性剂": 2, "环境友好": 2, "产品成本": 2, "热空气": 2, "热转印": 2, "化合物": 2, "相容性": 2, "摄氏度": 2, "聚乙烯": 2, "传感器": 2, "成熟度": 2, "粉末涂料": 2, "聚酯树脂": 2, "化学品": 2, "印染厂": 2, "化工行业": 2, "硫化氢": 2, "边角料": 2, "玻璃钢": 2, "土壤改良剂": 2, "抗磨剂": 2, "低粘度": 2, "电解槽": 2, "绝缘漆": 2, "发明专利": 2, "节能灯": 2, "化工类": 2, "gbl": 2, "水煤气": 2, "国产化": 2, "二甲基": 2, "收缩膜": 2, "petg": 2, "氯化铝": 2, "胆固醇": 2, "羊毛脂": 2, "硫酸铜": 2}