{"混凝土": 16, "建筑物": 8, "bim": 5, "新工艺": 5, "尤为重要": 4, "钢结构": 4, "钢化玻璃": 4, "digital": 3, "project": 3, "设计图": 3, "catia": 3, "渗漏水": 3, "防水剂": 3, "工程施工": 3, "生产工艺": 3, "建筑节能": 3, "铝型材": 3, "地下室": 2, "保护层": 2, "进步奖": 2, "高新技术": 2, "地下工程": 2, "轻量化": 2, "节约资源": 2, "控制性": 2, "围护结构": 2, "降低成本": 2, "中标率": 2, "人行道": 2, "复合墙": 2, "耐久性": 2, "检查井": 2, "烧结砖": 2, "多孔砖": 2, "外保温": 2, "塔式起重": 2, "难以达到": 2, "技术开发": 2, "建筑工程": 2, "设备设计": 2, "补偿器": 2, "机器人": 2, "gb11968": 2, "pvc": 2, "建筑材料": 2, "售后服务": 2, "浇注料": 2, "外加剂": 2, "圆弧形": 2, "铝合金": 2, "夹层玻璃": 2, "墙体材料加气": 2, "替代产品": 2, "地下管道": 2, "子午线": 2, "竹地板": 2, "销售业务": 2, "污水处理": 2, "耐碱性": 2}
