{"催化剂": 7, "产业化": 6, "副产品": 4, "工艺技术": 4, "萘磺酸": 4, "提取物": 4, "碳纤维": 4, "结晶水": 3, "三氧化硫": 3, "适用性": 3, "工业化": 3, "磺酸钠": 3, "异丁烯": 3, "mtbe": 3, "国家标准": 3, "化工原料": 2, "石英砂": 2, "haccp": 2, "等离子": 2, "润滑剂": 2, "gtcc": 2, "开发新": 2, "化妆品": 2, "类产品": 2, "新工艺": 2, "竹纤维": 2, "无纺布": 2, "超纤革": 2, "滑石粉": 2, "茶多酚": 2, "耐水性": 2, "真空镀膜": 2, "不锈钢": 2, "分散性": 2, "白炭黑": 2, "金属表面": 2, "节能降耗": 2, "硅橡胶": 2, "vip": 2, "乳化剂": 2, "化学品": 2, "转化率": 2, "污水处理": 2, "亚磷酸": 2, "边角料": 2, "日晒牢度": 2, "降低成本": 2, "自动化": 2, "氨基树脂": 2, "pet": 2, "玻璃化": 2, "摄氏度": 2, "装饰布": 2, "得革率": 2, "谷氨酸": 2, "库散粕": 2, "含皂产品烘干技术": 2, "含皂钢": 2, "包装袋": 2, "仿真技术": 2, "scr": 2, "碳酸钙": 2, "三维动画": 2, "除臭剂": 2, "微生物": 2, "led": 2, "半导体": 2, "乙酰乙酸乙酯": 2, "氮氧化物": 2, "有机颜料": 2, "无溶剂": 2, "耐热性": 2, "mpa": 2, "热熔胶": 2, "除尘器": 2, "改性沥青": 2, "粉末状": 2, "硬脂酸": 2, "氧化锌": 2, "磷酸锌": 2, "化学元素": 2, "石油焦": 2, "聚丙烯": 2, "新品种": 2, "生物农药": 2, "磷酸钙": 2, "固定床": 2, "ppc": 2, "耐碱性": 2, "高岭土": 2, "炼油厂": 2}